Run,Checkpoint,Modo,Seed,estado,origen,destino
r128_a256_d005,epoch_20_loss_0.1982,ionian,1111,OK,gradio_outputs\modal_eval_r128_a256_d005\epoch_20_loss_0.1982_ionian_seed1111.flac,audios_unificados\r128_a256_d005\epoch_20_loss_0.1982\ionian_seed1111.flac
r128_a256_d005,epoch_20_loss_0.1982,ionian,2222,OK,gradio_outputs\modal_eval_r128_a256_d005\epoch_20_loss_0.1982_ionian_seed2222.flac,audios_unificados\r128_a256_d005\epoch_20_loss_0.1982\ionian_seed2222.flac
r128_a256_d005,epoch_20_loss_0.1982,dorian,1111,OK,gradio_outputs\modal_eval_r128_a256_d005\epoch_20_loss_0.1982_dorian_seed1111.flac,audios_unificados\r128_a256_d005\epoch_20_loss_0.1982\dorian_seed1111.flac
r128_a256_d005,epoch_20_loss_0.1982,dorian,2222,OK,gradio_outputs\modal_eval_r128_a256_d005\epoch_20_loss_0.1982_dorian_seed2222.flac,audios_unificados\r128_a256_d005\epoch_20_loss_0.1982\dorian_seed2222.flac
r128_a256_d005,epoch_20_loss_0.1982,phrygian,1111,OK,gradio_outputs\modal_eval_r128_a256_d005\epoch_20_loss_0.1982_phrygian_seed1111.flac,audios_unificados\r128_a256_d005\epoch_20_loss_0.1982\phrygian_seed1111.flac
r128_a256_d005,epoch_20_loss_0.1982,phrygian,2222,OK,gradio_outputs\modal_eval_r128_a256_d005\epoch_20_loss_0.1982_phrygian_seed2222.flac,audios_unificados\r128_a256_d005\epoch_20_loss_0.1982\phrygian_seed2222.flac
r128_a256_d005,epoch_20_loss_0.1982,lydian,1111,OK,gradio_outputs\modal_eval_r128_a256_d005\epoch_20_loss_0.1982_lydian_seed1111.flac,audios_unificados\r128_a256_d005\epoch_20_loss_0.1982\lydian_seed1111.flac
r128_a256_d005,epoch_20_loss_0.1982,lydian,2222,OK,gradio_outputs\modal_eval_r128_a256_d005\epoch_20_loss_0.1982_lydian_seed2222.flac,audios_unificados\r128_a256_d005\epoch_20_loss_0.1982\lydian_seed2222.flac
r128_a256_d005,epoch_20_loss_0.1982,mixolydian,1111,OK,gradio_outputs\modal_eval_r128_a256_d005\epoch_20_loss_0.1982_mixolydian_seed1111.flac,audios_unificados\r128_a256_d005\epoch_20_loss_0.1982\mixolydian_seed1111.flac
r128_a256_d005,epoch_20_loss_0.1982,mixolydian,2222,OK,gradio_outputs\modal_eval_r128_a256_d005\epoch_20_loss_0.1982_mixolydian_seed2222.flac,audios_unificados\r128_a256_d005\epoch_20_loss_0.1982\mixolydian_seed2222.flac
r128_a256_d005,epoch_20_loss_0.1982,aeolian,1111,OK,gradio_outputs\modal_eval_r128_a256_d005\epoch_20_loss_0.1982_aeolian_seed1111.flac,audios_unificados\r128_a256_d005\epoch_20_loss_0.1982\aeolian_seed1111.flac
r128_a256_d005,epoch_20_loss_0.1982,aeolian,2222,OK,gradio_outputs\modal_eval_r128_a256_d005\epoch_20_loss_0.1982_aeolian_seed2222.flac,audios_unificados\r128_a256_d005\epoch_20_loss_0.1982\aeolian_seed2222.flac
r128_a256_d005,epoch_20_loss_0.1982,locrian,1111,OK,gradio_outputs\modal_eval_r128_a256_d005\epoch_20_loss_0.1982_locrian_seed1111.flac,audios_unificados\r128_a256_d005\epoch_20_loss_0.1982\locrian_seed1111.flac
r128_a256_d005,epoch_20_loss_0.1982,locrian,2222,OK,gradio_outputs\modal_eval_r128_a256_d005\epoch_20_loss_0.1982_locrian_seed2222.flac,audios_unificados\r128_a256_d005\epoch_20_loss_0.1982\locrian_seed2222.flac
r128_a256_d005,epoch_100_loss_0.1788,ionian,1111,OK,gradio_outputs\modal_eval_r128_a256_d005\epoch_100_loss_0.1788_ionian_seed1111.flac,audios_unificados\r128_a256_d005\epoch_100_loss_0.1788\ionian_seed1111.flac
r128_a256_d005,epoch_100_loss_0.1788,ionian,2222,OK,gradio_outputs\modal_eval_r128_a256_d005\epoch_100_loss_0.1788_ionian_seed2222.flac,audios_unificados\r128_a256_d005\epoch_100_loss_0.1788\ionian_seed2222.flac
r128_a256_d005,epoch_100_loss_0.1788,dorian,1111,OK,gradio_outputs\modal_eval_r128_a256_d005\epoch_100_loss_0.1788_dorian_seed1111.flac,audios_unificados\r128_a256_d005\epoch_100_loss_0.1788\dorian_seed1111.flac
r128_a256_d005,epoch_100_loss_0.1788,dorian,2222,OK,gradio_outputs\modal_eval_r128_a256_d005\epoch_100_loss_0.1788_dorian_seed2222.flac,audios_unificados\r128_a256_d005\epoch_100_loss_0.1788\dorian_seed2222.flac
r128_a256_d005,epoch_100_loss_0.1788,phrygian,1111,OK,gradio_outputs\modal_eval_r128_a256_d005\epoch_100_loss_0.1788_phrygian_seed1111.flac,audios_unificados\r128_a256_d005\epoch_100_loss_0.1788\phrygian_seed1111.flac
r128_a256_d005,epoch_100_loss_0.1788,phrygian,2222,OK,gradio_outputs\modal_eval_r128_a256_d005\epoch_100_loss_0.1788_phrygian_seed2222.flac,audios_unificados\r128_a256_d005\epoch_100_loss_0.1788\phrygian_seed2222.flac
r128_a256_d005,epoch_100_loss_0.1788,lydian,1111,OK,gradio_outputs\modal_eval_r128_a256_d005\epoch_100_loss_0.1788_lydian_seed1111.flac,audios_unificados\r128_a256_d005\epoch_100_loss_0.1788\lydian_seed1111.flac
r128_a256_d005,epoch_100_loss_0.1788,lydian,2222,OK,gradio_outputs\modal_eval_r128_a256_d005\epoch_100_loss_0.1788_lydian_seed2222.flac,audios_unificados\r128_a256_d005\epoch_100_loss_0.1788\lydian_seed2222.flac
r128_a256_d005,epoch_100_loss_0.1788,mixolydian,1111,OK,gradio_outputs\modal_eval_r128_a256_d005\epoch_100_loss_0.1788_mixolydian_seed1111.flac,audios_unificados\r128_a256_d005\epoch_100_loss_0.1788\mixolydian_seed1111.flac
r128_a256_d005,epoch_100_loss_0.1788,mixolydian,2222,OK,gradio_outputs\modal_eval_r128_a256_d005\epoch_100_loss_0.1788_mixolydian_seed2222.flac,audios_unificados\r128_a256_d005\epoch_100_loss_0.1788\mixolydian_seed2222.flac
r128_a256_d005,epoch_100_loss_0.1788,aeolian,1111,OK,gradio_outputs\modal_eval_r128_a256_d005\epoch_100_loss_0.1788_aeolian_seed1111.flac,audios_unificados\r128_a256_d005\epoch_100_loss_0.1788\aeolian_seed1111.flac
r128_a256_d005,epoch_100_loss_0.1788,aeolian,2222,OK,gradio_outputs\modal_eval_r128_a256_d005\epoch_100_loss_0.1788_aeolian_seed2222.flac,audios_unificados\r128_a256_d005\epoch_100_loss_0.1788\aeolian_seed2222.flac
r128_a256_d005,epoch_100_loss_0.1788,locrian,1111,OK,gradio_outputs\modal_eval_r128_a256_d005\epoch_100_loss_0.1788_locrian_seed1111.flac,audios_unificados\r128_a256_d005\epoch_100_loss_0.1788\locrian_seed1111.flac
r128_a256_d005,epoch_100_loss_0.1788,locrian,2222,OK,gradio_outputs\modal_eval_r128_a256_d005\epoch_100_loss_0.1788_locrian_seed2222.flac,audios_unificados\r128_a256_d005\epoch_100_loss_0.1788\locrian_seed2222.flac
r128_a256_d005,epoch_140_loss_0.1714,ionian,1111,OK,gradio_outputs\modal_eval_r128_a256_d005\epoch_140_loss_0.1714_ionian_seed1111.flac,audios_unificados\r128_a256_d005\epoch_140_loss_0.1714\ionian_seed1111.flac
r128_a256_d005,epoch_140_loss_0.1714,ionian,2222,OK,gradio_outputs\modal_eval_r128_a256_d005\epoch_140_loss_0.1714_ionian_seed2222.flac,audios_unificados\r128_a256_d005\epoch_140_loss_0.1714\ionian_seed2222.flac
r128_a256_d005,epoch_140_loss_0.1714,dorian,1111,OK,gradio_outputs\modal_eval_r128_a256_d005\epoch_140_loss_0.1714_dorian_seed1111.flac,audios_unificados\r128_a256_d005\epoch_140_loss_0.1714\dorian_seed1111.flac
r128_a256_d005,epoch_140_loss_0.1714,dorian,2222,OK,gradio_outputs\modal_eval_r128_a256_d005\epoch_140_loss_0.1714_dorian_seed2222.flac,audios_unificados\r128_a256_d005\epoch_140_loss_0.1714\dorian_seed2222.flac
r128_a256_d005,epoch_140_loss_0.1714,phrygian,1111,OK,gradio_outputs\modal_eval_r128_a256_d005\epoch_140_loss_0.1714_phrygian_seed1111.flac,audios_unificados\r128_a256_d005\epoch_140_loss_0.1714\phrygian_seed1111.flac
r128_a256_d005,epoch_140_loss_0.1714,phrygian,2222,OK,gradio_outputs\modal_eval_r128_a256_d005\epoch_140_loss_0.1714_phrygian_seed2222.flac,audios_unificados\r128_a256_d005\epoch_140_loss_0.1714\phrygian_seed2222.flac
r128_a256_d005,epoch_140_loss_0.1714,lydian,1111,OK,gradio_outputs\modal_eval_r128_a256_d005\epoch_140_loss_0.1714_lydian_seed1111.flac,audios_unificados\r128_a256_d005\epoch_140_loss_0.1714\lydian_seed1111.flac
r128_a256_d005,epoch_140_loss_0.1714,lydian,2222,OK,gradio_outputs\modal_eval_r128_a256_d005\epoch_140_loss_0.1714_lydian_seed2222.flac,audios_unificados\r128_a256_d005\epoch_140_loss_0.1714\lydian_seed2222.flac
r128_a256_d005,epoch_140_loss_0.1714,mixolydian,1111,OK,gradio_outputs\modal_eval_r128_a256_d005\epoch_140_loss_0.1714_mixolydian_seed1111.flac,audios_unificados\r128_a256_d005\epoch_140_loss_0.1714\mixolydian_seed1111.flac
r128_a256_d005,epoch_140_loss_0.1714,mixolydian,2222,OK,gradio_outputs\modal_eval_r128_a256_d005\epoch_140_loss_0.1714_mixolydian_seed2222.flac,audios_unificados\r128_a256_d005\epoch_140_loss_0.1714\mixolydian_seed2222.flac
r128_a256_d005,epoch_140_loss_0.1714,aeolian,1111,OK,gradio_outputs\modal_eval_r128_a256_d005\epoch_140_loss_0.1714_aeolian_seed1111.flac,audios_unificados\r128_a256_d005\epoch_140_loss_0.1714\aeolian_seed1111.flac
r128_a256_d005,epoch_140_loss_0.1714,aeolian,2222,OK,gradio_outputs\modal_eval_r128_a256_d005\epoch_140_loss_0.1714_aeolian_seed2222.flac,audios_unificados\r128_a256_d005\epoch_140_loss_0.1714\aeolian_seed2222.flac
r128_a256_d005,epoch_140_loss_0.1714,locrian,1111,OK,gradio_outputs\modal_eval_r128_a256_d005\epoch_140_loss_0.1714_locrian_seed1111.flac,audios_unificados\r128_a256_d005\epoch_140_loss_0.1714\locrian_seed1111.flac
r128_a256_d005,epoch_140_loss_0.1714,locrian,2222,OK,gradio_outputs\modal_eval_r128_a256_d005\epoch_140_loss_0.1714_locrian_seed2222.flac,audios_unificados\r128_a256_d005\epoch_140_loss_0.1714\locrian_seed2222.flac
r128_a256_d005,epoch_180_loss_0.1603,ionian,1111,OK,gradio_outputs\modal_eval_r128_a256_d005\epoch_180_loss_0.1603_ionian_seed1111.flac,audios_unificados\r128_a256_d005\epoch_180_loss_0.1603\ionian_seed1111.flac
r128_a256_d005,epoch_180_loss_0.1603,ionian,2222,OK,gradio_outputs\modal_eval_r128_a256_d005\epoch_180_loss_0.1603_ionian_seed2222.flac,audios_unificados\r128_a256_d005\epoch_180_loss_0.1603\ionian_seed2222.flac
r128_a256_d005,epoch_180_loss_0.1603,dorian,1111,OK,gradio_outputs\modal_eval_r128_a256_d005\epoch_180_loss_0.1603_dorian_seed1111.flac,audios_unificados\r128_a256_d005\epoch_180_loss_0.1603\dorian_seed1111.flac
r128_a256_d005,epoch_180_loss_0.1603,dorian,2222,OK,gradio_outputs\modal_eval_r128_a256_d005\epoch_180_loss_0.1603_dorian_seed2222.flac,audios_unificados\r128_a256_d005\epoch_180_loss_0.1603\dorian_seed2222.flac
r128_a256_d005,epoch_180_loss_0.1603,phrygian,1111,OK,gradio_outputs\modal_eval_r128_a256_d005\epoch_180_loss_0.1603_phrygian_seed1111.flac,audios_unificados\r128_a256_d005\epoch_180_loss_0.1603\phrygian_seed1111.flac
r128_a256_d005,epoch_180_loss_0.1603,phrygian,2222,OK,gradio_outputs\modal_eval_r128_a256_d005\epoch_180_loss_0.1603_phrygian_seed2222.flac,audios_unificados\r128_a256_d005\epoch_180_loss_0.1603\phrygian_seed2222.flac
r128_a256_d005,epoch_180_loss_0.1603,lydian,1111,OK,gradio_outputs\modal_eval_r128_a256_d005\epoch_180_loss_0.1603_lydian_seed1111.flac,audios_unificados\r128_a256_d005\epoch_180_loss_0.1603\lydian_seed1111.flac
r128_a256_d005,epoch_180_loss_0.1603,lydian,2222,OK,gradio_outputs\modal_eval_r128_a256_d005\epoch_180_loss_0.1603_lydian_seed2222.flac,audios_unificados\r128_a256_d005\epoch_180_loss_0.1603\lydian_seed2222.flac
r128_a256_d005,epoch_180_loss_0.1603,mixolydian,1111,OK,gradio_outputs\modal_eval_r128_a256_d005\epoch_180_loss_0.1603_mixolydian_seed1111.flac,audios_unificados\r128_a256_d005\epoch_180_loss_0.1603\mixolydian_seed1111.flac
r128_a256_d005,epoch_180_loss_0.1603,mixolydian,2222,OK,gradio_outputs\modal_eval_r128_a256_d005\epoch_180_loss_0.1603_mixolydian_seed2222.flac,audios_unificados\r128_a256_d005\epoch_180_loss_0.1603\mixolydian_seed2222.flac
r128_a256_d005,epoch_180_loss_0.1603,aeolian,1111,OK,gradio_outputs\modal_eval_r128_a256_d005\epoch_180_loss_0.1603_aeolian_seed1111.flac,audios_unificados\r128_a256_d005\epoch_180_loss_0.1603\aeolian_seed1111.flac
r128_a256_d005,epoch_180_loss_0.1603,aeolian,2222,OK,gradio_outputs\modal_eval_r128_a256_d005\epoch_180_loss_0.1603_aeolian_seed2222.flac,audios_unificados\r128_a256_d005\epoch_180_loss_0.1603\aeolian_seed2222.flac
r128_a256_d005,epoch_180_loss_0.1603,locrian,1111,OK,gradio_outputs\modal_eval_r128_a256_d005\epoch_180_loss_0.1603_locrian_seed1111.flac,audios_unificados\r128_a256_d005\epoch_180_loss_0.1603\locrian_seed1111.flac
r128_a256_d005,epoch_180_loss_0.1603,locrian,2222,OK,gradio_outputs\modal_eval_r128_a256_d005\epoch_180_loss_0.1603_locrian_seed2222.flac,audios_unificados\r128_a256_d005\epoch_180_loss_0.1603\locrian_seed2222.flac
r64_a128_d0,epoch_160_loss_0.1725,ionian,1111,OK,gradio_outputs\modal_eval_r64_a128_d0\epoch_160_loss_0.1725_ionian_seed1111.flac,audios_unificados\r64_a128_d0\epoch_160_loss_0.1725\ionian_seed1111.flac
r64_a128_d0,epoch_160_loss_0.1725,ionian,2222,OK,gradio_outputs\modal_eval_r64_a128_d0\epoch_160_loss_0.1725_ionian_seed2222.flac,audios_unificados\r64_a128_d0\epoch_160_loss_0.1725\ionian_seed2222.flac
r64_a128_d0,epoch_160_loss_0.1725,dorian,1111,OK,gradio_outputs\modal_eval_r64_a128_d0\epoch_160_loss_0.1725_dorian_seed1111.flac,audios_unificados\r64_a128_d0\epoch_160_loss_0.1725\dorian_seed1111.flac
r64_a128_d0,epoch_160_loss_0.1725,dorian,2222,OK,gradio_outputs\modal_eval_r64_a128_d0\epoch_160_loss_0.1725_dorian_seed2222.flac,audios_unificados\r64_a128_d0\epoch_160_loss_0.1725\dorian_seed2222.flac
r64_a128_d0,epoch_160_loss_0.1725,phrygian,1111,OK,gradio_outputs\modal_eval_r64_a128_d0\epoch_160_loss_0.1725_phrygian_seed1111.flac,audios_unificados\r64_a128_d0\epoch_160_loss_0.1725\phrygian_seed1111.flac
r64_a128_d0,epoch_160_loss_0.1725,phrygian,2222,OK,gradio_outputs\modal_eval_r64_a128_d0\epoch_160_loss_0.1725_phrygian_seed2222.flac,audios_unificados\r64_a128_d0\epoch_160_loss_0.1725\phrygian_seed2222.flac
r64_a128_d0,epoch_160_loss_0.1725,lydian,1111,OK,gradio_outputs\modal_eval_r64_a128_d0\epoch_160_loss_0.1725_lydian_seed1111.flac,audios_unificados\r64_a128_d0\epoch_160_loss_0.1725\lydian_seed1111.flac
r64_a128_d0,epoch_160_loss_0.1725,lydian,2222,OK,gradio_outputs\modal_eval_r64_a128_d0\epoch_160_loss_0.1725_lydian_seed2222.flac,audios_unificados\r64_a128_d0\epoch_160_loss_0.1725\lydian_seed2222.flac
r64_a128_d0,epoch_160_loss_0.1725,mixolydian,1111,OK,gradio_outputs\modal_eval_r64_a128_d0\epoch_160_loss_0.1725_mixolydian_seed1111.flac,audios_unificados\r64_a128_d0\epoch_160_loss_0.1725\mixolydian_seed1111.flac
r64_a128_d0,epoch_160_loss_0.1725,mixolydian,2222,OK,gradio_outputs\modal_eval_r64_a128_d0\epoch_160_loss_0.1725_mixolydian_seed2222.flac,audios_unificados\r64_a128_d0\epoch_160_loss_0.1725\mixolydian_seed2222.flac
r64_a128_d0,epoch_160_loss_0.1725,aeolian,1111,OK,gradio_outputs\modal_eval_r64_a128_d0\epoch_160_loss_0.1725_aeolian_seed1111.flac,audios_unificados\r64_a128_d0\epoch_160_loss_0.1725\aeolian_seed1111.flac
r64_a128_d0,epoch_160_loss_0.1725,aeolian,2222,OK,gradio_outputs\modal_eval_r64_a128_d0\epoch_160_loss_0.1725_aeolian_seed2222.flac,audios_unificados\r64_a128_d0\epoch_160_loss_0.1725\aeolian_seed2222.flac
r64_a128_d0,epoch_160_loss_0.1725,locrian,1111,OK,gradio_outputs\modal_eval_r64_a128_d0\epoch_160_loss_0.1725_locrian_seed1111.flac,audios_unificados\r64_a128_d0\epoch_160_loss_0.1725\locrian_seed1111.flac
r64_a128_d0,epoch_160_loss_0.1725,locrian,2222,OK,gradio_outputs\modal_eval_r64_a128_d0\epoch_160_loss_0.1725_locrian_seed2222.flac,audios_unificados\r64_a128_d0\epoch_160_loss_0.1725\locrian_seed2222.flac
r64_a128_d0,epoch_180_loss_0.1748,ionian,1111,OK,gradio_outputs\modal_eval_r64_a128_d0\epoch_180_loss_0.1748_ionian_seed1111.flac,audios_unificados\r64_a128_d0\epoch_180_loss_0.1748\ionian_seed1111.flac
r64_a128_d0,epoch_180_loss_0.1748,ionian,2222,OK,gradio_outputs\modal_eval_r64_a128_d0\epoch_180_loss_0.1748_ionian_seed2222.flac,audios_unificados\r64_a128_d0\epoch_180_loss_0.1748\ionian_seed2222.flac
r64_a128_d0,epoch_180_loss_0.1748,dorian,1111,OK,gradio_outputs\modal_eval_r64_a128_d0\epoch_180_loss_0.1748_dorian_seed1111.flac,audios_unificados\r64_a128_d0\epoch_180_loss_0.1748\dorian_seed1111.flac
r64_a128_d0,epoch_180_loss_0.1748,dorian,2222,OK,gradio_outputs\modal_eval_r64_a128_d0\epoch_180_loss_0.1748_dorian_seed2222.flac,audios_unificados\r64_a128_d0\epoch_180_loss_0.1748\dorian_seed2222.flac
r64_a128_d0,epoch_180_loss_0.1748,phrygian,1111,OK,gradio_outputs\modal_eval_r64_a128_d0\epoch_180_loss_0.1748_phrygian_seed1111.flac,audios_unificados\r64_a128_d0\epoch_180_loss_0.1748\phrygian_seed1111.flac
r64_a128_d0,epoch_180_loss_0.1748,phrygian,2222,OK,gradio_outputs\modal_eval_r64_a128_d0\epoch_180_loss_0.1748_phrygian_seed2222.flac,audios_unificados\r64_a128_d0\epoch_180_loss_0.1748\phrygian_seed2222.flac
r64_a128_d0,epoch_180_loss_0.1748,lydian,1111,OK,gradio_outputs\modal_eval_r64_a128_d0\epoch_180_loss_0.1748_lydian_seed1111.flac,audios_unificados\r64_a128_d0\epoch_180_loss_0.1748\lydian_seed1111.flac
r64_a128_d0,epoch_180_loss_0.1748,lydian,2222,OK,gradio_outputs\modal_eval_r64_a128_d0\epoch_180_loss_0.1748_lydian_seed2222.flac,audios_unificados\r64_a128_d0\epoch_180_loss_0.1748\lydian_seed2222.flac
r64_a128_d0,epoch_180_loss_0.1748,mixolydian,1111,OK,gradio_outputs\modal_eval_r64_a128_d0\epoch_180_loss_0.1748_mixolydian_seed1111.flac,audios_unificados\r64_a128_d0\epoch_180_loss_0.1748\mixolydian_seed1111.flac
r64_a128_d0,epoch_180_loss_0.1748,mixolydian,2222,OK,gradio_outputs\modal_eval_r64_a128_d0\epoch_180_loss_0.1748_mixolydian_seed2222.flac,audios_unificados\r64_a128_d0\epoch_180_loss_0.1748\mixolydian_seed2222.flac
r64_a128_d0,epoch_180_loss_0.1748,aeolian,1111,OK,gradio_outputs\modal_eval_r64_a128_d0\epoch_180_loss_0.1748_aeolian_seed1111.flac,audios_unificados\r64_a128_d0\epoch_180_loss_0.1748\aeolian_seed1111.flac
r64_a128_d0,epoch_180_loss_0.1748,aeolian,2222,OK,gradio_outputs\modal_eval_r64_a128_d0\epoch_180_loss_0.1748_aeolian_seed2222.flac,audios_unificados\r64_a128_d0\epoch_180_loss_0.1748\aeolian_seed2222.flac
r64_a128_d0,epoch_180_loss_0.1748,locrian,1111,OK,gradio_outputs\modal_eval_r64_a128_d0\epoch_180_loss_0.1748_locrian_seed1111.flac,audios_unificados\r64_a128_d0\epoch_180_loss_0.1748\locrian_seed1111.flac
r64_a128_d0,epoch_180_loss_0.1748,locrian,2222,OK,gradio_outputs\modal_eval_r64_a128_d0\epoch_180_loss_0.1748_locrian_seed2222.flac,audios_unificados\r64_a128_d0\epoch_180_loss_0.1748\locrian_seed2222.flac
r64_a128_d0,epoch_80_loss_0.1921,ionian,1111,OK,gradio_outputs\modal_eval_r64_a128_d0\epoch_80_loss_0.1921_ionian_seed1111.flac,audios_unificados\r64_a128_d0\epoch_80_loss_0.1921\ionian_seed1111.flac
r64_a128_d0,epoch_80_loss_0.1921,ionian,2222,OK,gradio_outputs\modal_eval_r64_a128_d0\epoch_80_loss_0.1921_ionian_seed2222.flac,audios_unificados\r64_a128_d0\epoch_80_loss_0.1921\ionian_seed2222.flac
r64_a128_d0,epoch_80_loss_0.1921,dorian,1111,OK,gradio_outputs\modal_eval_r64_a128_d0\epoch_80_loss_0.1921_dorian_seed1111.flac,audios_unificados\r64_a128_d0\epoch_80_loss_0.1921\dorian_seed1111.flac
r64_a128_d0,epoch_80_loss_0.1921,dorian,2222,OK,gradio_outputs\modal_eval_r64_a128_d0\epoch_80_loss_0.1921_dorian_seed2222.flac,audios_unificados\r64_a128_d0\epoch_80_loss_0.1921\dorian_seed2222.flac
r64_a128_d0,epoch_80_loss_0.1921,phrygian,1111,OK,gradio_outputs\modal_eval_r64_a128_d0\epoch_80_loss_0.1921_phrygian_seed1111.flac,audios_unificados\r64_a128_d0\epoch_80_loss_0.1921\phrygian_seed1111.flac
r64_a128_d0,epoch_80_loss_0.1921,phrygian,2222,OK,gradio_outputs\modal_eval_r64_a128_d0\epoch_80_loss_0.1921_phrygian_seed2222.flac,audios_unificados\r64_a128_d0\epoch_80_loss_0.1921\phrygian_seed2222.flac
r64_a128_d0,epoch_80_loss_0.1921,lydian,1111,OK,gradio_outputs\modal_eval_r64_a128_d0\epoch_80_loss_0.1921_lydian_seed1111.flac,audios_unificados\r64_a128_d0\epoch_80_loss_0.1921\lydian_seed1111.flac
r64_a128_d0,epoch_80_loss_0.1921,lydian,2222,OK,gradio_outputs\modal_eval_r64_a128_d0\epoch_80_loss_0.1921_lydian_seed2222.flac,audios_unificados\r64_a128_d0\epoch_80_loss_0.1921\lydian_seed2222.flac
r64_a128_d0,epoch_80_loss_0.1921,mixolydian,1111,OK,gradio_outputs\modal_eval_r64_a128_d0\epoch_80_loss_0.1921_mixolydian_seed1111.flac,audios_unificados\r64_a128_d0\epoch_80_loss_0.1921\mixolydian_seed1111.flac
r64_a128_d0,epoch_80_loss_0.1921,mixolydian,2222,OK,gradio_outputs\modal_eval_r64_a128_d0\epoch_80_loss_0.1921_mixolydian_seed2222.flac,audios_unificados\r64_a128_d0\epoch_80_loss_0.1921\mixolydian_seed2222.flac
r64_a128_d0,epoch_80_loss_0.1921,aeolian,1111,OK,gradio_outputs\modal_eval_r64_a128_d0\epoch_80_loss_0.1921_aeolian_seed1111.flac,audios_unificados\r64_a128_d0\epoch_80_loss_0.1921\aeolian_seed1111.flac
r64_a128_d0,epoch_80_loss_0.1921,aeolian,2222,OK,gradio_outputs\modal_eval_r64_a128_d0\epoch_80_loss_0.1921_aeolian_seed2222.flac,audios_unificados\r64_a128_d0\epoch_80_loss_0.1921\aeolian_seed2222.flac
r64_a128_d0,epoch_80_loss_0.1921,locrian,1111,OK,gradio_outputs\modal_eval_r64_a128_d0\epoch_80_loss_0.1921_locrian_seed1111.flac,audios_unificados\r64_a128_d0\epoch_80_loss_0.1921\locrian_seed1111.flac
r64_a128_d0,epoch_80_loss_0.1921,locrian,2222,OK,gradio_outputs\modal_eval_r64_a128_d0\epoch_80_loss_0.1921_locrian_seed2222.flac,audios_unificados\r64_a128_d0\epoch_80_loss_0.1921\locrian_seed2222.flac
r64_a128_d0,epoch_200_loss_0.1704,ionian,1111,OK,gradio_outputs\modal_eval_r64_a128_d0\epoch_200_loss_0.1704_ionian_seed1111.flac,audios_unificados\r64_a128_d0\epoch_200_loss_0.1704\ionian_seed1111.flac
r64_a128_d0,epoch_200_loss_0.1704,ionian,2222,OK,gradio_outputs\modal_eval_r64_a128_d0\epoch_200_loss_0.1704_ionian_seed2222.flac,audios_unificados\r64_a128_d0\epoch_200_loss_0.1704\ionian_seed2222.flac
r64_a128_d0,epoch_200_loss_0.1704,dorian,1111,OK,gradio_outputs\modal_eval_r64_a128_d0\epoch_200_loss_0.1704_dorian_seed1111.flac,audios_unificados\r64_a128_d0\epoch_200_loss_0.1704\dorian_seed1111.flac
r64_a128_d0,epoch_200_loss_0.1704,dorian,2222,OK,gradio_outputs\modal_eval_r64_a128_d0\epoch_200_loss_0.1704_dorian_seed2222.flac,audios_unificados\r64_a128_d0\epoch_200_loss_0.1704\dorian_seed2222.flac
r64_a128_d0,epoch_200_loss_0.1704,phrygian,1111,OK,gradio_outputs\modal_eval_r64_a128_d0\epoch_200_loss_0.1704_phrygian_seed1111.flac,audios_unificados\r64_a128_d0\epoch_200_loss_0.1704\phrygian_seed1111.flac
r64_a128_d0,epoch_200_loss_0.1704,phrygian,2222,OK,gradio_outputs\modal_eval_r64_a128_d0\epoch_200_loss_0.1704_phrygian_seed2222.flac,audios_unificados\r64_a128_d0\epoch_200_loss_0.1704\phrygian_seed2222.flac
r64_a128_d0,epoch_200_loss_0.1704,lydian,1111,OK,gradio_outputs\modal_eval_r64_a128_d0\epoch_200_loss_0.1704_lydian_seed1111.flac,audios_unificados\r64_a128_d0\epoch_200_loss_0.1704\lydian_seed1111.flac
r64_a128_d0,epoch_200_loss_0.1704,lydian,2222,OK,gradio_outputs\modal_eval_r64_a128_d0\epoch_200_loss_0.1704_lydian_seed2222.flac,audios_unificados\r64_a128_d0\epoch_200_loss_0.1704\lydian_seed2222.flac
r64_a128_d0,epoch_200_loss_0.1704,mixolydian,1111,OK,gradio_outputs\modal_eval_r64_a128_d0\epoch_200_loss_0.1704_mixolydian_seed1111.flac,audios_unificados\r64_a128_d0\epoch_200_loss_0.1704\mixolydian_seed1111.flac
r64_a128_d0,epoch_200_loss_0.1704,mixolydian,2222,OK,gradio_outputs\modal_eval_r64_a128_d0\epoch_200_loss_0.1704_mixolydian_seed2222.flac,audios_unificados\r64_a128_d0\epoch_200_loss_0.1704\mixolydian_seed2222.flac
r64_a128_d0,epoch_200_loss_0.1704,aeolian,1111,OK,gradio_outputs\modal_eval_r64_a128_d0\epoch_200_loss_0.1704_aeolian_seed1111.flac,audios_unificados\r64_a128_d0\epoch_200_loss_0.1704\aeolian_seed1111.flac
r64_a128_d0,epoch_200_loss_0.1704,aeolian,2222,OK,gradio_outputs\modal_eval_r64_a128_d0\epoch_200_loss_0.1704_aeolian_seed2222.flac,audios_unificados\r64_a128_d0\epoch_200_loss_0.1704\aeolian_seed2222.flac
r64_a128_d0,epoch_200_loss_0.1704,locrian,1111,OK,gradio_outputs\modal_eval_r64_a128_d0\epoch_200_loss_0.1704_locrian_seed1111.flac,audios_unificados\r64_a128_d0\epoch_200_loss_0.1704\locrian_seed1111.flac
r64_a128_d0,epoch_200_loss_0.1704,locrian,2222,OK,gradio_outputs\modal_eval_r64_a128_d0\epoch_200_loss_0.1704_locrian_seed2222.flac,audios_unificados\r64_a128_d0\epoch_200_loss_0.1704\locrian_seed2222.flac
r64_a128_d005,epoch_160_loss_0.1766,ionian,1111,OK,gradio_outputs\modal_eval_r64_a128_d005\epoch_160_loss_0.1766_ionian_seed1111.flac,audios_unificados\r64_a128_d005\epoch_160_loss_0.1766\ionian_seed1111.flac
r64_a128_d005,epoch_160_loss_0.1766,ionian,2222,OK,gradio_outputs\modal_eval_r64_a128_d005\epoch_160_loss_0.1766_ionian_seed2222.flac,audios_unificados\r64_a128_d005\epoch_160_loss_0.1766\ionian_seed2222.flac
r64_a128_d005,epoch_160_loss_0.1766,dorian,1111,OK,gradio_outputs\modal_eval_r64_a128_d005\epoch_160_loss_0.1766_dorian_seed1111.flac,audios_unificados\r64_a128_d005\epoch_160_loss_0.1766\dorian_seed1111.flac
r64_a128_d005,epoch_160_loss_0.1766,dorian,2222,OK,gradio_outputs\modal_eval_r64_a128_d005\epoch_160_loss_0.1766_dorian_seed2222.flac,audios_unificados\r64_a128_d005\epoch_160_loss_0.1766\dorian_seed2222.flac
r64_a128_d005,epoch_160_loss_0.1766,phrygian,1111,OK,gradio_outputs\modal_eval_r64_a128_d005\epoch_160_loss_0.1766_phrygian_seed1111.flac,audios_unificados\r64_a128_d005\epoch_160_loss_0.1766\phrygian_seed1111.flac
r64_a128_d005,epoch_160_loss_0.1766,phrygian,2222,OK,gradio_outputs\modal_eval_r64_a128_d005\epoch_160_loss_0.1766_phrygian_seed2222.flac,audios_unificados\r64_a128_d005\epoch_160_loss_0.1766\phrygian_seed2222.flac
r64_a128_d005,epoch_160_loss_0.1766,lydian,1111,OK,gradio_outputs\modal_eval_r64_a128_d005\epoch_160_loss_0.1766_lydian_seed1111.flac,audios_unificados\r64_a128_d005\epoch_160_loss_0.1766\lydian_seed1111.flac
r64_a128_d005,epoch_160_loss_0.1766,lydian,2222,OK,gradio_outputs\modal_eval_r64_a128_d005\epoch_160_loss_0.1766_lydian_seed2222.flac,audios_unificados\r64_a128_d005\epoch_160_loss_0.1766\lydian_seed2222.flac
r64_a128_d005,epoch_160_loss_0.1766,mixolydian,1111,OK,gradio_outputs\modal_eval_r64_a128_d005\epoch_160_loss_0.1766_mixolydian_seed1111.flac,audios_unificados\r64_a128_d005\epoch_160_loss_0.1766\mixolydian_seed1111.flac
r64_a128_d005,epoch_160_loss_0.1766,mixolydian,2222,OK,gradio_outputs\modal_eval_r64_a128_d005\epoch_160_loss_0.1766_mixolydian_seed2222.flac,audios_unificados\r64_a128_d005\epoch_160_loss_0.1766\mixolydian_seed2222.flac
r64_a128_d005,epoch_160_loss_0.1766,aeolian,1111,OK,gradio_outputs\modal_eval_r64_a128_d005\epoch_160_loss_0.1766_aeolian_seed1111.flac,audios_unificados\r64_a128_d005\epoch_160_loss_0.1766\aeolian_seed1111.flac
r64_a128_d005,epoch_160_loss_0.1766,aeolian,2222,OK,gradio_outputs\modal_eval_r64_a128_d005\epoch_160_loss_0.1766_aeolian_seed2222.flac,audios_unificados\r64_a128_d005\epoch_160_loss_0.1766\aeolian_seed2222.flac
r64_a128_d005,epoch_160_loss_0.1766,locrian,1111,OK,gradio_outputs\modal_eval_r64_a128_d005\epoch_160_loss_0.1766_locrian_seed1111.flac,audios_unificados\r64_a128_d005\epoch_160_loss_0.1766\locrian_seed1111.flac
r64_a128_d005,epoch_160_loss_0.1766,locrian,2222,OK,gradio_outputs\modal_eval_r64_a128_d005\epoch_160_loss_0.1766_locrian_seed2222.flac,audios_unificados\r64_a128_d005\epoch_160_loss_0.1766\locrian_seed2222.flac
r64_a128_d005,epoch_100_loss_0.1843,ionian,1111,OK,gradio_outputs\modal_eval_r64_a128_d005\epoch_100_loss_0.1843_ionian_seed1111.flac,audios_unificados\r64_a128_d005\epoch_100_loss_0.1843\ionian_seed1111.flac
r64_a128_d005,epoch_100_loss_0.1843,ionian,2222,OK,gradio_outputs\modal_eval_r64_a128_d005\epoch_100_loss_0.1843_ionian_seed2222.flac,audios_unificados\r64_a128_d005\epoch_100_loss_0.1843\ionian_seed2222.flac
r64_a128_d005,epoch_100_loss_0.1843,dorian,1111,OK,gradio_outputs\modal_eval_r64_a128_d005\epoch_100_loss_0.1843_dorian_seed1111.flac,audios_unificados\r64_a128_d005\epoch_100_loss_0.1843\dorian_seed1111.flac
r64_a128_d005,epoch_100_loss_0.1843,dorian,2222,OK,gradio_outputs\modal_eval_r64_a128_d005\epoch_100_loss_0.1843_dorian_seed2222.flac,audios_unificados\r64_a128_d005\epoch_100_loss_0.1843\dorian_seed2222.flac
r64_a128_d005,epoch_100_loss_0.1843,phrygian,1111,OK,gradio_outputs\modal_eval_r64_a128_d005\epoch_100_loss_0.1843_phrygian_seed1111.flac,audios_unificados\r64_a128_d005\epoch_100_loss_0.1843\phrygian_seed1111.flac
r64_a128_d005,epoch_100_loss_0.1843,phrygian,2222,OK,gradio_outputs\modal_eval_r64_a128_d005\epoch_100_loss_0.1843_phrygian_seed2222.flac,audios_unificados\r64_a128_d005\epoch_100_loss_0.1843\phrygian_seed2222.flac
r64_a128_d005,epoch_100_loss_0.1843,lydian,1111,OK,gradio_outputs\modal_eval_r64_a128_d005\epoch_100_loss_0.1843_lydian_seed1111.flac,audios_unificados\r64_a128_d005\epoch_100_loss_0.1843\lydian_seed1111.flac
r64_a128_d005,epoch_100_loss_0.1843,lydian,2222,OK,gradio_outputs\modal_eval_r64_a128_d005\epoch_100_loss_0.1843_lydian_seed2222.flac,audios_unificados\r64_a128_d005\epoch_100_loss_0.1843\lydian_seed2222.flac
r64_a128_d005,epoch_100_loss_0.1843,mixolydian,1111,OK,gradio_outputs\modal_eval_r64_a128_d005\epoch_100_loss_0.1843_mixolydian_seed1111.flac,audios_unificados\r64_a128_d005\epoch_100_loss_0.1843\mixolydian_seed1111.flac
r64_a128_d005,epoch_100_loss_0.1843,mixolydian,2222,OK,gradio_outputs\modal_eval_r64_a128_d005\epoch_100_loss_0.1843_mixolydian_seed2222.flac,audios_unificados\r64_a128_d005\epoch_100_loss_0.1843\mixolydian_seed2222.flac
r64_a128_d005,epoch_100_loss_0.1843,aeolian,1111,OK,gradio_outputs\modal_eval_r64_a128_d005\epoch_100_loss_0.1843_aeolian_seed1111.flac,audios_unificados\r64_a128_d005\epoch_100_loss_0.1843\aeolian_seed1111.flac
r64_a128_d005,epoch_100_loss_0.1843,aeolian,2222,OK,gradio_outputs\modal_eval_r64_a128_d005\epoch_100_loss_0.1843_aeolian_seed2222.flac,audios_unificados\r64_a128_d005\epoch_100_loss_0.1843\aeolian_seed2222.flac
r64_a128_d005,epoch_100_loss_0.1843,locrian,1111,OK,gradio_outputs\modal_eval_r64_a128_d005\epoch_100_loss_0.1843_locrian_seed1111.flac,audios_unificados\r64_a128_d005\epoch_100_loss_0.1843\locrian_seed1111.flac
r64_a128_d005,epoch_100_loss_0.1843,locrian,2222,OK,gradio_outputs\modal_eval_r64_a128_d005\epoch_100_loss_0.1843_locrian_seed2222.flac,audios_unificados\r64_a128_d005\epoch_100_loss_0.1843\locrian_seed2222.flac
r64_a128_d005,epoch_200_loss_0.1701,ionian,1111,OK,gradio_outputs\modal_eval_r64_a128_d005\epoch_200_loss_0.1701_ionian_seed1111.flac,audios_unificados\r64_a128_d005\epoch_200_loss_0.1701\ionian_seed1111.flac
r64_a128_d005,epoch_200_loss_0.1701,ionian,2222,OK,gradio_outputs\modal_eval_r64_a128_d005\epoch_200_loss_0.1701_ionian_seed2222.flac,audios_unificados\r64_a128_d005\epoch_200_loss_0.1701\ionian_seed2222.flac
r64_a128_d005,epoch_200_loss_0.1701,dorian,1111,OK,gradio_outputs\modal_eval_r64_a128_d005\epoch_200_loss_0.1701_dorian_seed1111.flac,audios_unificados\r64_a128_d005\epoch_200_loss_0.1701\dorian_seed1111.flac
r64_a128_d005,epoch_200_loss_0.1701,dorian,2222,OK,gradio_outputs\modal_eval_r64_a128_d005\epoch_200_loss_0.1701_dorian_seed2222.flac,audios_unificados\r64_a128_d005\epoch_200_loss_0.1701\dorian_seed2222.flac
r64_a128_d005,epoch_200_loss_0.1701,phrygian,1111,OK,gradio_outputs\modal_eval_r64_a128_d005\epoch_200_loss_0.1701_phrygian_seed1111.flac,audios_unificados\r64_a128_d005\epoch_200_loss_0.1701\phrygian_seed1111.flac
r64_a128_d005,epoch_200_loss_0.1701,phrygian,2222,OK,gradio_outputs\modal_eval_r64_a128_d005\epoch_200_loss_0.1701_phrygian_seed2222.flac,audios_unificados\r64_a128_d005\epoch_200_loss_0.1701\phrygian_seed2222.flac
r64_a128_d005,epoch_200_loss_0.1701,lydian,1111,OK,gradio_outputs\modal_eval_r64_a128_d005\epoch_200_loss_0.1701_lydian_seed1111.flac,audios_unificados\r64_a128_d005\epoch_200_loss_0.1701\lydian_seed1111.flac
r64_a128_d005,epoch_200_loss_0.1701,lydian,2222,OK,gradio_outputs\modal_eval_r64_a128_d005\epoch_200_loss_0.1701_lydian_seed2222.flac,audios_unificados\r64_a128_d005\epoch_200_loss_0.1701\lydian_seed2222.flac
r64_a128_d005,epoch_200_loss_0.1701,mixolydian,1111,OK,gradio_outputs\modal_eval_r64_a128_d005\epoch_200_loss_0.1701_mixolydian_seed1111.flac,audios_unificados\r64_a128_d005\epoch_200_loss_0.1701\mixolydian_seed1111.flac
r64_a128_d005,epoch_200_loss_0.1701,mixolydian,2222,OK,gradio_outputs\modal_eval_r64_a128_d005\epoch_200_loss_0.1701_mixolydian_seed2222.flac,audios_unificados\r64_a128_d005\epoch_200_loss_0.1701\mixolydian_seed2222.flac
r64_a128_d005,epoch_200_loss_0.1701,aeolian,1111,OK,gradio_outputs\modal_eval_r64_a128_d005\epoch_200_loss_0.1701_aeolian_seed1111.flac,audios_unificados\r64_a128_d005\epoch_200_loss_0.1701\aeolian_seed1111.flac
r64_a128_d005,epoch_200_loss_0.1701,aeolian,2222,OK,gradio_outputs\modal_eval_r64_a128_d005\epoch_200_loss_0.1701_aeolian_seed2222.flac,audios_unificados\r64_a128_d005\epoch_200_loss_0.1701\aeolian_seed2222.flac
r64_a128_d005,epoch_200_loss_0.1701,locrian,1111,OK,gradio_outputs\modal_eval_r64_a128_d005\epoch_200_loss_0.1701_locrian_seed1111.flac,audios_unificados\r64_a128_d005\epoch_200_loss_0.1701\locrian_seed1111.flac
r64_a128_d005,epoch_200_loss_0.1701,locrian,2222,OK,gradio_outputs\modal_eval_r64_a128_d005\epoch_200_loss_0.1701_locrian_seed2222.flac,audios_unificados\r64_a128_d005\epoch_200_loss_0.1701\locrian_seed2222.flac
r64_a128_d005,epoch_120_loss_0.1808,ionian,1111,OK,gradio_outputs\modal_eval_r64_a128_d005\epoch_120_loss_0.1808_ionian_seed1111.flac,audios_unificados\r64_a128_d005\epoch_120_loss_0.1808\ionian_seed1111.flac
r64_a128_d005,epoch_120_loss_0.1808,ionian,2222,OK,gradio_outputs\modal_eval_r64_a128_d005\epoch_120_loss_0.1808_ionian_seed2222.flac,audios_unificados\r64_a128_d005\epoch_120_loss_0.1808\ionian_seed2222.flac
r64_a128_d005,epoch_120_loss_0.1808,dorian,1111,OK,gradio_outputs\modal_eval_r64_a128_d005\epoch_120_loss_0.1808_dorian_seed1111.flac,audios_unificados\r64_a128_d005\epoch_120_loss_0.1808\dorian_seed1111.flac
r64_a128_d005,epoch_120_loss_0.1808,dorian,2222,OK,gradio_outputs\modal_eval_r64_a128_d005\epoch_120_loss_0.1808_dorian_seed2222.flac,audios_unificados\r64_a128_d005\epoch_120_loss_0.1808\dorian_seed2222.flac
r64_a128_d005,epoch_120_loss_0.1808,phrygian,1111,OK,gradio_outputs\modal_eval_r64_a128_d005\epoch_120_loss_0.1808_phrygian_seed1111.flac,audios_unificados\r64_a128_d005\epoch_120_loss_0.1808\phrygian_seed1111.flac
r64_a128_d005,epoch_120_loss_0.1808,phrygian,2222,OK,gradio_outputs\modal_eval_r64_a128_d005\epoch_120_loss_0.1808_phrygian_seed2222.flac,audios_unificados\r64_a128_d005\epoch_120_loss_0.1808\phrygian_seed2222.flac
r64_a128_d005,epoch_120_loss_0.1808,lydian,1111,OK,gradio_outputs\modal_eval_r64_a128_d005\epoch_120_loss_0.1808_lydian_seed1111.flac,audios_unificados\r64_a128_d005\epoch_120_loss_0.1808\lydian_seed1111.flac
r64_a128_d005,epoch_120_loss_0.1808,lydian,2222,OK,gradio_outputs\modal_eval_r64_a128_d005\epoch_120_loss_0.1808_lydian_seed2222.flac,audios_unificados\r64_a128_d005\epoch_120_loss_0.1808\lydian_seed2222.flac
r64_a128_d005,epoch_120_loss_0.1808,mixolydian,1111,OK,gradio_outputs\modal_eval_r64_a128_d005\epoch_120_loss_0.1808_mixolydian_seed1111.flac,audios_unificados\r64_a128_d005\epoch_120_loss_0.1808\mixolydian_seed1111.flac
r64_a128_d005,epoch_120_loss_0.1808,mixolydian,2222,OK,gradio_outputs\modal_eval_r64_a128_d005\epoch_120_loss_0.1808_mixolydian_seed2222.flac,audios_unificados\r64_a128_d005\epoch_120_loss_0.1808\mixolydian_seed2222.flac
r64_a128_d005,epoch_120_loss_0.1808,aeolian,1111,OK,gradio_outputs\modal_eval_r64_a128_d005\epoch_120_loss_0.1808_aeolian_seed1111.flac,audios_unificados\r64_a128_d005\epoch_120_loss_0.1808\aeolian_seed1111.flac
r64_a128_d005,epoch_120_loss_0.1808,aeolian,2222,OK,gradio_outputs\modal_eval_r64_a128_d005\epoch_120_loss_0.1808_aeolian_seed2222.flac,audios_unificados\r64_a128_d005\epoch_120_loss_0.1808\aeolian_seed2222.flac
r64_a128_d005,epoch_120_loss_0.1808,locrian,1111,OK,gradio_outputs\modal_eval_r64_a128_d005\epoch_120_loss_0.1808_locrian_seed1111.flac,audios_unificados\r64_a128_d005\epoch_120_loss_0.1808\locrian_seed1111.flac
r64_a128_d005,epoch_120_loss_0.1808,locrian,2222,OK,gradio_outputs\modal_eval_r64_a128_d005\epoch_120_loss_0.1808_locrian_seed2222.flac,audios_unificados\r64_a128_d005\epoch_120_loss_0.1808\locrian_seed2222.flac
r64_a128_d005_lr5e-5,epoch_100_loss_0.1965,ionian,1111,OK,gradio_outputs\modal_eval_r64_a128_d005_lr5e-5\epoch_100_loss_0.1965_ionian_seed1111.flac,audios_unificados\r64_a128_d005_lr5e-5\epoch_100_loss_0.1965\ionian_seed1111.flac
r64_a128_d005_lr5e-5,epoch_100_loss_0.1965,ionian,2222,OK,gradio_outputs\modal_eval_r64_a128_d005_lr5e-5\epoch_100_loss_0.1965_ionian_seed2222.flac,audios_unificados\r64_a128_d005_lr5e-5\epoch_100_loss_0.1965\ionian_seed2222.flac
r64_a128_d005_lr5e-5,epoch_100_loss_0.1965,dorian,1111,OK,gradio_outputs\modal_eval_r64_a128_d005_lr5e-5\epoch_100_loss_0.1965_dorian_seed1111.flac,audios_unificados\r64_a128_d005_lr5e-5\epoch_100_loss_0.1965\dorian_seed1111.flac
r64_a128_d005_lr5e-5,epoch_100_loss_0.1965,dorian,2222,OK,gradio_outputs\modal_eval_r64_a128_d005_lr5e-5\epoch_100_loss_0.1965_dorian_seed2222.flac,audios_unificados\r64_a128_d005_lr5e-5\epoch_100_loss_0.1965\dorian_seed2222.flac
r64_a128_d005_lr5e-5,epoch_100_loss_0.1965,phrygian,1111,OK,gradio_outputs\modal_eval_r64_a128_d005_lr5e-5\epoch_100_loss_0.1965_phrygian_seed1111.flac,audios_unificados\r64_a128_d005_lr5e-5\epoch_100_loss_0.1965\phrygian_seed1111.flac
r64_a128_d005_lr5e-5,epoch_100_loss_0.1965,phrygian,2222,OK,gradio_outputs\modal_eval_r64_a128_d005_lr5e-5\epoch_100_loss_0.1965_phrygian_seed2222.flac,audios_unificados\r64_a128_d005_lr5e-5\epoch_100_loss_0.1965\phrygian_seed2222.flac
r64_a128_d005_lr5e-5,epoch_100_loss_0.1965,lydian,1111,OK,gradio_outputs\modal_eval_r64_a128_d005_lr5e-5\epoch_100_loss_0.1965_lydian_seed1111.flac,audios_unificados\r64_a128_d005_lr5e-5\epoch_100_loss_0.1965\lydian_seed1111.flac
r64_a128_d005_lr5e-5,epoch_100_loss_0.1965,lydian,2222,OK,gradio_outputs\modal_eval_r64_a128_d005_lr5e-5\epoch_100_loss_0.1965_lydian_seed2222.flac,audios_unificados\r64_a128_d005_lr5e-5\epoch_100_loss_0.1965\lydian_seed2222.flac
r64_a128_d005_lr5e-5,epoch_100_loss_0.1965,mixolydian,1111,OK,gradio_outputs\modal_eval_r64_a128_d005_lr5e-5\epoch_100_loss_0.1965_mixolydian_seed1111.flac,audios_unificados\r64_a128_d005_lr5e-5\epoch_100_loss_0.1965\mixolydian_seed1111.flac
r64_a128_d005_lr5e-5,epoch_100_loss_0.1965,mixolydian,2222,OK,gradio_outputs\modal_eval_r64_a128_d005_lr5e-5\epoch_100_loss_0.1965_mixolydian_seed2222.flac,audios_unificados\r64_a128_d005_lr5e-5\epoch_100_loss_0.1965\mixolydian_seed2222.flac
r64_a128_d005_lr5e-5,epoch_100_loss_0.1965,aeolian,1111,OK,gradio_outputs\modal_eval_r64_a128_d005_lr5e-5\epoch_100_loss_0.1965_aeolian_seed1111.flac,audios_unificados\r64_a128_d005_lr5e-5\epoch_100_loss_0.1965\aeolian_seed1111.flac
r64_a128_d005_lr5e-5,epoch_100_loss_0.1965,aeolian,2222,OK,gradio_outputs\modal_eval_r64_a128_d005_lr5e-5\epoch_100_loss_0.1965_aeolian_seed2222.flac,audios_unificados\r64_a128_d005_lr5e-5\epoch_100_loss_0.1965\aeolian_seed2222.flac
r64_a128_d005_lr5e-5,epoch_100_loss_0.1965,locrian,1111,OK,gradio_outputs\modal_eval_r64_a128_d005_lr5e-5\epoch_100_loss_0.1965_locrian_seed1111.flac,audios_unificados\r64_a128_d005_lr5e-5\epoch_100_loss_0.1965\locrian_seed1111.flac
r64_a128_d005_lr5e-5,epoch_100_loss_0.1965,locrian,2222,OK,gradio_outputs\modal_eval_r64_a128_d005_lr5e-5\epoch_100_loss_0.1965_locrian_seed2222.flac,audios_unificados\r64_a128_d005_lr5e-5\epoch_100_loss_0.1965\locrian_seed2222.flac
r64_a128_d005_lr5e-5,epoch_160_loss_0.1952,ionian,1111,OK,gradio_outputs\modal_eval_r64_a128_d005_lr5e-5\epoch_160_loss_0.1952_ionian_seed1111.flac,audios_unificados\r64_a128_d005_lr5e-5\epoch_160_loss_0.1952\ionian_seed1111.flac
r64_a128_d005_lr5e-5,epoch_160_loss_0.1952,ionian,2222,OK,gradio_outputs\modal_eval_r64_a128_d005_lr5e-5\epoch_160_loss_0.1952_ionian_seed2222.flac,audios_unificados\r64_a128_d005_lr5e-5\epoch_160_loss_0.1952\ionian_seed2222.flac
r64_a128_d005_lr5e-5,epoch_160_loss_0.1952,dorian,1111,OK,gradio_outputs\modal_eval_r64_a128_d005_lr5e-5\epoch_160_loss_0.1952_dorian_seed1111.flac,audios_unificados\r64_a128_d005_lr5e-5\epoch_160_loss_0.1952\dorian_seed1111.flac
r64_a128_d005_lr5e-5,epoch_160_loss_0.1952,dorian,2222,OK,gradio_outputs\modal_eval_r64_a128_d005_lr5e-5\epoch_160_loss_0.1952_dorian_seed2222.flac,audios_unificados\r64_a128_d005_lr5e-5\epoch_160_loss_0.1952\dorian_seed2222.flac
r64_a128_d005_lr5e-5,epoch_160_loss_0.1952,phrygian,1111,OK,gradio_outputs\modal_eval_r64_a128_d005_lr5e-5\epoch_160_loss_0.1952_phrygian_seed1111.flac,audios_unificados\r64_a128_d005_lr5e-5\epoch_160_loss_0.1952\phrygian_seed1111.flac
r64_a128_d005_lr5e-5,epoch_160_loss_0.1952,phrygian,2222,OK,gradio_outputs\modal_eval_r64_a128_d005_lr5e-5\epoch_160_loss_0.1952_phrygian_seed2222.flac,audios_unificados\r64_a128_d005_lr5e-5\epoch_160_loss_0.1952\phrygian_seed2222.flac
r64_a128_d005_lr5e-5,epoch_160_loss_0.1952,lydian,1111,OK,gradio_outputs\modal_eval_r64_a128_d005_lr5e-5\epoch_160_loss_0.1952_lydian_seed1111.flac,audios_unificados\r64_a128_d005_lr5e-5\epoch_160_loss_0.1952\lydian_seed1111.flac
r64_a128_d005_lr5e-5,epoch_160_loss_0.1952,lydian,2222,OK,gradio_outputs\modal_eval_r64_a128_d005_lr5e-5\epoch_160_loss_0.1952_lydian_seed2222.flac,audios_unificados\r64_a128_d005_lr5e-5\epoch_160_loss_0.1952\lydian_seed2222.flac
r64_a128_d005_lr5e-5,epoch_160_loss_0.1952,mixolydian,1111,OK,gradio_outputs\modal_eval_r64_a128_d005_lr5e-5\epoch_160_loss_0.1952_mixolydian_seed1111.flac,audios_unificados\r64_a128_d005_lr5e-5\epoch_160_loss_0.1952\mixolydian_seed1111.flac
r64_a128_d005_lr5e-5,epoch_160_loss_0.1952,mixolydian,2222,OK,gradio_outputs\modal_eval_r64_a128_d005_lr5e-5\epoch_160_loss_0.1952_mixolydian_seed2222.flac,audios_unificados\r64_a128_d005_lr5e-5\epoch_160_loss_0.1952\mixolydian_seed2222.flac
r64_a128_d005_lr5e-5,epoch_160_loss_0.1952,aeolian,1111,OK,gradio_outputs\modal_eval_r64_a128_d005_lr5e-5\epoch_160_loss_0.1952_aeolian_seed1111.flac,audios_unificados\r64_a128_d005_lr5e-5\epoch_160_loss_0.1952\aeolian_seed1111.flac
r64_a128_d005_lr5e-5,epoch_160_loss_0.1952,aeolian,2222,OK,gradio_outputs\modal_eval_r64_a128_d005_lr5e-5\epoch_160_loss_0.1952_aeolian_seed2222.flac,audios_unificados\r64_a128_d005_lr5e-5\epoch_160_loss_0.1952\aeolian_seed2222.flac
r64_a128_d005_lr5e-5,epoch_160_loss_0.1952,locrian,1111,OK,gradio_outputs\modal_eval_r64_a128_d005_lr5e-5\epoch_160_loss_0.1952_locrian_seed1111.flac,audios_unificados\r64_a128_d005_lr5e-5\epoch_160_loss_0.1952\locrian_seed1111.flac
r64_a128_d005_lr5e-5,epoch_160_loss_0.1952,locrian,2222,OK,gradio_outputs\modal_eval_r64_a128_d005_lr5e-5\epoch_160_loss_0.1952_locrian_seed2222.flac,audios_unificados\r64_a128_d005_lr5e-5\epoch_160_loss_0.1952\locrian_seed2222.flac
r64_a128_d005_lr5e-5,epoch_140_loss_0.1960,ionian,1111,OK,gradio_outputs\modal_eval_r64_a128_d005_lr5e-5\epoch_140_loss_0.1960_ionian_seed1111.flac,audios_unificados\r64_a128_d005_lr5e-5\epoch_140_loss_0.1960\ionian_seed1111.flac
r64_a128_d005_lr5e-5,epoch_140_loss_0.1960,ionian,2222,OK,gradio_outputs\modal_eval_r64_a128_d005_lr5e-5\epoch_140_loss_0.1960_ionian_seed2222.flac,audios_unificados\r64_a128_d005_lr5e-5\epoch_140_loss_0.1960\ionian_seed2222.flac
r64_a128_d005_lr5e-5,epoch_140_loss_0.1960,dorian,1111,OK,gradio_outputs\modal_eval_r64_a128_d005_lr5e-5\epoch_140_loss_0.1960_dorian_seed1111.flac,audios_unificados\r64_a128_d005_lr5e-5\epoch_140_loss_0.1960\dorian_seed1111.flac
r64_a128_d005_lr5e-5,epoch_140_loss_0.1960,dorian,2222,OK,gradio_outputs\modal_eval_r64_a128_d005_lr5e-5\epoch_140_loss_0.1960_dorian_seed2222.flac,audios_unificados\r64_a128_d005_lr5e-5\epoch_140_loss_0.1960\dorian_seed2222.flac
r64_a128_d005_lr5e-5,epoch_140_loss_0.1960,phrygian,1111,OK,gradio_outputs\modal_eval_r64_a128_d005_lr5e-5\epoch_140_loss_0.1960_phrygian_seed1111.flac,audios_unificados\r64_a128_d005_lr5e-5\epoch_140_loss_0.1960\phrygian_seed1111.flac
r64_a128_d005_lr5e-5,epoch_140_loss_0.1960,phrygian,2222,OK,gradio_outputs\modal_eval_r64_a128_d005_lr5e-5\epoch_140_loss_0.1960_phrygian_seed2222.flac,audios_unificados\r64_a128_d005_lr5e-5\epoch_140_loss_0.1960\phrygian_seed2222.flac
r64_a128_d005_lr5e-5,epoch_140_loss_0.1960,lydian,1111,OK,gradio_outputs\modal_eval_r64_a128_d005_lr5e-5\epoch_140_loss_0.1960_lydian_seed1111.flac,audios_unificados\r64_a128_d005_lr5e-5\epoch_140_loss_0.1960\lydian_seed1111.flac
r64_a128_d005_lr5e-5,epoch_140_loss_0.1960,lydian,2222,OK,gradio_outputs\modal_eval_r64_a128_d005_lr5e-5\epoch_140_loss_0.1960_lydian_seed2222.flac,audios_unificados\r64_a128_d005_lr5e-5\epoch_140_loss_0.1960\lydian_seed2222.flac
r64_a128_d005_lr5e-5,epoch_140_loss_0.1960,mixolydian,1111,OK,gradio_outputs\modal_eval_r64_a128_d005_lr5e-5\epoch_140_loss_0.1960_mixolydian_seed1111.flac,audios_unificados\r64_a128_d005_lr5e-5\epoch_140_loss_0.1960\mixolydian_seed1111.flac
r64_a128_d005_lr5e-5,epoch_140_loss_0.1960,mixolydian,2222,OK,gradio_outputs\modal_eval_r64_a128_d005_lr5e-5\epoch_140_loss_0.1960_mixolydian_seed2222.flac,audios_unificados\r64_a128_d005_lr5e-5\epoch_140_loss_0.1960\mixolydian_seed2222.flac
r64_a128_d005_lr5e-5,epoch_140_loss_0.1960,aeolian,1111,OK,gradio_outputs\modal_eval_r64_a128_d005_lr5e-5\epoch_140_loss_0.1960_aeolian_seed1111.flac,audios_unificados\r64_a128_d005_lr5e-5\epoch_140_loss_0.1960\aeolian_seed1111.flac
r64_a128_d005_lr5e-5,epoch_140_loss_0.1960,aeolian,2222,OK,gradio_outputs\modal_eval_r64_a128_d005_lr5e-5\epoch_140_loss_0.1960_aeolian_seed2222.flac,audios_unificados\r64_a128_d005_lr5e-5\epoch_140_loss_0.1960\aeolian_seed2222.flac
r64_a128_d005_lr5e-5,epoch_140_loss_0.1960,locrian,1111,OK,gradio_outputs\modal_eval_r64_a128_d005_lr5e-5\epoch_140_loss_0.1960_locrian_seed1111.flac,audios_unificados\r64_a128_d005_lr5e-5\epoch_140_loss_0.1960\locrian_seed1111.flac
r64_a128_d005_lr5e-5,epoch_140_loss_0.1960,locrian,2222,OK,gradio_outputs\modal_eval_r64_a128_d005_lr5e-5\epoch_140_loss_0.1960_locrian_seed2222.flac,audios_unificados\r64_a128_d005_lr5e-5\epoch_140_loss_0.1960\locrian_seed2222.flac
RUN_D,epoch_40_loss_0.8457,ionian,1111,OK,gradio_outputs\eval_D\epoch_40_loss_0.8457_ionian_seed1111.flac,audios_unificados\RUN_D\epoch_40_loss_0.8457\ionian_seed1111.flac
RUN_D,epoch_40_loss_0.8457,ionian,2222,OK,gradio_outputs\eval_D\epoch_40_loss_0.8457_ionian_seed2222.flac,audios_unificados\RUN_D\epoch_40_loss_0.8457\ionian_seed2222.flac
RUN_D,epoch_40_loss_0.8457,dorian,1111,OK,gradio_outputs\eval_D\epoch_40_loss_0.8457_dorian_seed1111.flac,audios_unificados\RUN_D\epoch_40_loss_0.8457\dorian_seed1111.flac
RUN_D,epoch_40_loss_0.8457,dorian,2222,OK,gradio_outputs\eval_D\epoch_40_loss_0.8457_dorian_seed2222.flac,audios_unificados\RUN_D\epoch_40_loss_0.8457\dorian_seed2222.flac
RUN_D,epoch_40_loss_0.8457,phrygian,1111,OK,gradio_outputs\eval_D\epoch_40_loss_0.8457_phrygian_seed1111.flac,audios_unificados\RUN_D\epoch_40_loss_0.8457\phrygian_seed1111.flac
RUN_D,epoch_40_loss_0.8457,phrygian,2222,OK,gradio_outputs\eval_D\epoch_40_loss_0.8457_phrygian_seed2222.flac,audios_unificados\RUN_D\epoch_40_loss_0.8457\phrygian_seed2222.flac
RUN_D,epoch_40_loss_0.8457,lydian,1111,OK,gradio_outputs\eval_D\epoch_40_loss_0.8457_lydian_seed1111.flac,audios_unificados\RUN_D\epoch_40_loss_0.8457\lydian_seed1111.flac
RUN_D,epoch_40_loss_0.8457,lydian,2222,OK,gradio_outputs\eval_D\epoch_40_loss_0.8457_lydian_seed2222.flac,audios_unificados\RUN_D\epoch_40_loss_0.8457\lydian_seed2222.flac
RUN_D,epoch_40_loss_0.8457,mixolydian,1111,OK,gradio_outputs\eval_D\epoch_40_loss_0.8457_mixolydian_seed1111.flac,audios_unificados\RUN_D\epoch_40_loss_0.8457\mixolydian_seed1111.flac
RUN_D,epoch_40_loss_0.8457,mixolydian,2222,OK,gradio_outputs\eval_D\epoch_40_loss_0.8457_mixolydian_seed2222.flac,audios_unificados\RUN_D\epoch_40_loss_0.8457\mixolydian_seed2222.flac
RUN_D,epoch_40_loss_0.8457,aeolian,1111,OK,gradio_outputs\eval_D\epoch_40_loss_0.8457_aeolian_seed1111.flac,audios_unificados\RUN_D\epoch_40_loss_0.8457\aeolian_seed1111.flac
RUN_D,epoch_40_loss_0.8457,aeolian,2222,OK,gradio_outputs\eval_D\epoch_40_loss_0.8457_aeolian_seed2222.flac,audios_unificados\RUN_D\epoch_40_loss_0.8457\aeolian_seed2222.flac
RUN_D,epoch_40_loss_0.8457,locrian,1111,OK,gradio_outputs\eval_D\epoch_40_loss_0.8457_locrian_seed1111.flac,audios_unificados\RUN_D\epoch_40_loss_0.8457\locrian_seed1111.flac
RUN_D,epoch_40_loss_0.8457,locrian,2222,OK,gradio_outputs\eval_D\epoch_40_loss_0.8457_locrian_seed2222.flac,audios_unificados\RUN_D\epoch_40_loss_0.8457\locrian_seed2222.flac
RUN_D,epoch_100_loss_0.8379,ionian,1111,OK,gradio_outputs\eval_D\epoch_100_loss_0.8379_ionian_seed1111.flac,audios_unificados\RUN_D\epoch_100_loss_0.8379\ionian_seed1111.flac
RUN_D,epoch_100_loss_0.8379,ionian,2222,OK,gradio_outputs\eval_D\epoch_100_loss_0.8379_ionian_seed2222.flac,audios_unificados\RUN_D\epoch_100_loss_0.8379\ionian_seed2222.flac
RUN_D,epoch_100_loss_0.8379,dorian,1111,OK,gradio_outputs\eval_D\epoch_100_loss_0.8379_dorian_seed1111.flac,audios_unificados\RUN_D\epoch_100_loss_0.8379\dorian_seed1111.flac
RUN_D,epoch_100_loss_0.8379,dorian,2222,OK,gradio_outputs\eval_D\epoch_100_loss_0.8379_dorian_seed2222.flac,audios_unificados\RUN_D\epoch_100_loss_0.8379\dorian_seed2222.flac
RUN_D,epoch_100_loss_0.8379,phrygian,1111,OK,gradio_outputs\eval_D\epoch_100_loss_0.8379_phrygian_seed1111.flac,audios_unificados\RUN_D\epoch_100_loss_0.8379\phrygian_seed1111.flac
RUN_D,epoch_100_loss_0.8379,phrygian,2222,OK,gradio_outputs\eval_D\epoch_100_loss_0.8379_phrygian_seed2222.flac,audios_unificados\RUN_D\epoch_100_loss_0.8379\phrygian_seed2222.flac
RUN_D,epoch_100_loss_0.8379,lydian,1111,OK,gradio_outputs\eval_D\epoch_100_loss_0.8379_lydian_seed1111.flac,audios_unificados\RUN_D\epoch_100_loss_0.8379\lydian_seed1111.flac
RUN_D,epoch_100_loss_0.8379,lydian,2222,OK,gradio_outputs\eval_D\epoch_100_loss_0.8379_lydian_seed2222.flac,audios_unificados\RUN_D\epoch_100_loss_0.8379\lydian_seed2222.flac
RUN_D,epoch_100_loss_0.8379,mixolydian,1111,OK,gradio_outputs\eval_D\epoch_100_loss_0.8379_mixolydian_seed1111.flac,audios_unificados\RUN_D\epoch_100_loss_0.8379\mixolydian_seed1111.flac
RUN_D,epoch_100_loss_0.8379,mixolydian,2222,OK,gradio_outputs\eval_D\epoch_100_loss_0.8379_mixolydian_seed2222.flac,audios_unificados\RUN_D\epoch_100_loss_0.8379\mixolydian_seed2222.flac
RUN_D,epoch_100_loss_0.8379,aeolian,1111,OK,gradio_outputs\eval_D\epoch_100_loss_0.8379_aeolian_seed1111.flac,audios_unificados\RUN_D\epoch_100_loss_0.8379\aeolian_seed1111.flac
RUN_D,epoch_100_loss_0.8379,aeolian,2222,OK,gradio_outputs\eval_D\epoch_100_loss_0.8379_aeolian_seed2222.flac,audios_unificados\RUN_D\epoch_100_loss_0.8379\aeolian_seed2222.flac
RUN_D,epoch_100_loss_0.8379,locrian,1111,OK,gradio_outputs\eval_D\epoch_100_loss_0.8379_locrian_seed1111.flac,audios_unificados\RUN_D\epoch_100_loss_0.8379\locrian_seed1111.flac
RUN_D,epoch_100_loss_0.8379,locrian,2222,OK,gradio_outputs\eval_D\epoch_100_loss_0.8379_locrian_seed2222.flac,audios_unificados\RUN_D\epoch_100_loss_0.8379\locrian_seed2222.flac
Prompt solo modo + instrumento,epoch_80_loss_0.8378,ionian,1111,OK,gradio_outputs\modal_run_D_eval_audio\epoch_80_loss_0.8378_ionian_seed1111.flac,audios_unificados\Prompt solo modo + instrumento\epoch_80_loss_0.8378\ionian_seed1111.flac
Prompt solo modo + instrumento,epoch_80_loss_0.8378,ionian,2222,OK,gradio_outputs\modal_run_D_eval_audio\epoch_80_loss_0.8378_ionian_seed2222.flac,audios_unificados\Prompt solo modo + instrumento\epoch_80_loss_0.8378\ionian_seed2222.flac
Prompt solo modo + instrumento,epoch_80_loss_0.8378,dorian,1111,OK,gradio_outputs\modal_run_D_eval_audio\epoch_80_loss_0.8378_dorian_seed1111.flac,audios_unificados\Prompt solo modo + instrumento\epoch_80_loss_0.8378\dorian_seed1111.flac
Prompt solo modo + instrumento,epoch_80_loss_0.8378,dorian,2222,OK,gradio_outputs\modal_run_D_eval_audio\epoch_80_loss_0.8378_dorian_seed2222.flac,audios_unificados\Prompt solo modo + instrumento\epoch_80_loss_0.8378\dorian_seed2222.flac
Prompt solo modo + instrumento,epoch_80_loss_0.8378,phrygian,1111,OK,gradio_outputs\modal_run_D_eval_audio\epoch_80_loss_0.8378_phrygian_seed1111.flac,audios_unificados\Prompt solo modo + instrumento\epoch_80_loss_0.8378\phrygian_seed1111.flac
Prompt solo modo + instrumento,epoch_80_loss_0.8378,phrygian,2222,OK,gradio_outputs\modal_run_D_eval_audio\epoch_80_loss_0.8378_phrygian_seed2222.flac,audios_unificados\Prompt solo modo + instrumento\epoch_80_loss_0.8378\phrygian_seed2222.flac
Prompt solo modo + instrumento,epoch_80_loss_0.8378,lydian,1111,OK,gradio_outputs\modal_run_D_eval_audio\epoch_80_loss_0.8378_lydian_seed1111.flac,audios_unificados\Prompt solo modo + instrumento\epoch_80_loss_0.8378\lydian_seed1111.flac
Prompt solo modo + instrumento,epoch_80_loss_0.8378,lydian,2222,OK,gradio_outputs\modal_run_D_eval_audio\epoch_80_loss_0.8378_lydian_seed2222.flac,audios_unificados\Prompt solo modo + instrumento\epoch_80_loss_0.8378\lydian_seed2222.flac
Prompt solo modo + instrumento,epoch_80_loss_0.8378,mixolydian,1111,OK,gradio_outputs\modal_run_D_eval_audio\epoch_80_loss_0.8378_mixolydian_seed1111.flac,audios_unificados\Prompt solo modo + instrumento\epoch_80_loss_0.8378\mixolydian_seed1111.flac
Prompt solo modo + instrumento,epoch_80_loss_0.8378,mixolydian,2222,OK,gradio_outputs\modal_run_D_eval_audio\epoch_80_loss_0.8378_mixolydian_seed2222.flac,audios_unificados\Prompt solo modo + instrumento\epoch_80_loss_0.8378\mixolydian_seed2222.flac
Prompt solo modo + instrumento,epoch_80_loss_0.8378,aeolian,1111,OK,gradio_outputs\modal_run_D_eval_audio\epoch_80_loss_0.8378_aeolian_seed1111.flac,audios_unificados\Prompt solo modo + instrumento\epoch_80_loss_0.8378\aeolian_seed1111.flac
Prompt solo modo + instrumento,epoch_80_loss_0.8378,aeolian,2222,OK,gradio_outputs\modal_run_D_eval_audio\epoch_80_loss_0.8378_aeolian_seed2222.flac,audios_unificados\Prompt solo modo + instrumento\epoch_80_loss_0.8378\aeolian_seed2222.flac
Prompt solo modo + instrumento,epoch_80_loss_0.8378,locrian,1111,OK,gradio_outputs\modal_run_D_eval_audio\epoch_80_loss_0.8378_locrian_seed1111.flac,audios_unificados\Prompt solo modo + instrumento\epoch_80_loss_0.8378\locrian_seed1111.flac
Prompt solo modo + instrumento,epoch_80_loss_0.8378,locrian,2222,OK,gradio_outputs\modal_run_D_eval_audio\epoch_80_loss_0.8378_locrian_seed2222.flac,audios_unificados\Prompt solo modo + instrumento\epoch_80_loss_0.8378\locrian_seed2222.flac
Prompt solo modo,epoch_100_loss_0.8379,ionian,1111,OK,gradio_outputs\eval_E_smoke_fixed\epoch_100_loss_0.8379_ionian_seed1111.flac,audios_unificados\Prompt solo modo\epoch_100_loss_0.8379\ionian_seed1111.flac
Prompt solo modo,epoch_100_loss_0.8379,ionian,2222,OK,gradio_outputs\eval_E_smoke_fixed\epoch_100_loss_0.8379_ionian_seed2222.flac,audios_unificados\Prompt solo modo\epoch_100_loss_0.8379\ionian_seed2222.flac
Prompt solo modo,epoch_100_loss_0.8379,dorian,1111,OK,gradio_outputs\eval_E_smoke_fixed\epoch_100_loss_0.8379_dorian_seed1111.flac,audios_unificados\Prompt solo modo\epoch_100_loss_0.8379\dorian_seed1111.flac
Prompt solo modo,epoch_100_loss_0.8379,dorian,2222,OK,gradio_outputs\eval_E_smoke_fixed\epoch_100_loss_0.8379_dorian_seed2222.flac,audios_unificados\Prompt solo modo\epoch_100_loss_0.8379\dorian_seed2222.flac
Prompt solo modo,epoch_100_loss_0.8379,phrygian,1111,OK,gradio_outputs\eval_E_smoke_fixed\epoch_100_loss_0.8379_phrygian_seed1111.flac,audios_unificados\Prompt solo modo\epoch_100_loss_0.8379\phrygian_seed1111.flac
Prompt solo modo,epoch_100_loss_0.8379,phrygian,2222,OK,gradio_outputs\eval_E_smoke_fixed\epoch_100_loss_0.8379_phrygian_seed2222.flac,audios_unificados\Prompt solo modo\epoch_100_loss_0.8379\phrygian_seed2222.flac
Prompt solo modo,epoch_100_loss_0.8379,lydian,1111,OK,gradio_outputs\eval_E_smoke_fixed\epoch_100_loss_0.8379_lydian_seed1111.flac,audios_unificados\Prompt solo modo\epoch_100_loss_0.8379\lydian_seed1111.flac
Prompt solo modo,epoch_100_loss_0.8379,lydian,2222,OK,gradio_outputs\eval_E_smoke_fixed\epoch_100_loss_0.8379_lydian_seed2222.flac,audios_unificados\Prompt solo modo\epoch_100_loss_0.8379\lydian_seed2222.flac
Prompt solo modo,epoch_100_loss_0.8379,mixolydian,1111,OK,gradio_outputs\eval_E_smoke_fixed\epoch_100_loss_0.8379_mixolydian_seed1111.flac,audios_unificados\Prompt solo modo\epoch_100_loss_0.8379\mixolydian_seed1111.flac
Prompt solo modo,epoch_100_loss_0.8379,mixolydian,2222,OK,gradio_outputs\eval_E_smoke_fixed\epoch_100_loss_0.8379_mixolydian_seed2222.flac,audios_unificados\Prompt solo modo\epoch_100_loss_0.8379\mixolydian_seed2222.flac
Prompt solo modo,epoch_100_loss_0.8379,aeolian,1111,OK,gradio_outputs\eval_E_smoke_fixed\epoch_100_loss_0.8379_aeolian_seed1111.flac,audios_unificados\Prompt solo modo\epoch_100_loss_0.8379\aeolian_seed1111.flac
Prompt solo modo,epoch_100_loss_0.8379,aeolian,2222,OK,gradio_outputs\eval_E_smoke_fixed\epoch_100_loss_0.8379_aeolian_seed2222.flac,audios_unificados\Prompt solo modo\epoch_100_loss_0.8379\aeolian_seed2222.flac
Prompt solo modo,epoch_100_loss_0.8379,locrian,1111,OK,gradio_outputs\eval_E_smoke_fixed\epoch_100_loss_0.8379_locrian_seed1111.flac,audios_unificados\Prompt solo modo\epoch_100_loss_0.8379\locrian_seed1111.flac
Prompt solo modo,epoch_100_loss_0.8379,locrian,2222,OK,gradio_outputs\eval_E_smoke_fixed\epoch_100_loss_0.8379_locrian_seed2222.flac,audios_unificados\Prompt solo modo\epoch_100_loss_0.8379\locrian_seed2222.flac
Exp_01,epoch_40_loss_0.5428,ionian,1111,OK,hparam_sweep\exp_001_B_r32_a32_lr1e-04_do0.05\generated_audio\epoch_40_loss_0.5428_ionian_seed1111.flac,audios_unificados\Exp_01\epoch_40_loss_0.5428\ionian_seed1111.flac
Exp_01,epoch_40_loss_0.5428,ionian,2222,OK,hparam_sweep\exp_001_B_r32_a32_lr1e-04_do0.05\generated_audio\epoch_40_loss_0.5428_ionian_seed2222.flac,audios_unificados\Exp_01\epoch_40_loss_0.5428\ionian_seed2222.flac
Exp_01,epoch_40_loss_0.5428,dorian,1111,OK,hparam_sweep\exp_001_B_r32_a32_lr1e-04_do0.05\generated_audio\epoch_40_loss_0.5428_dorian_seed1111.flac,audios_unificados\Exp_01\epoch_40_loss_0.5428\dorian_seed1111.flac
Exp_01,epoch_40_loss_0.5428,dorian,2222,OK,hparam_sweep\exp_001_B_r32_a32_lr1e-04_do0.05\generated_audio\epoch_40_loss_0.5428_dorian_seed2222.flac,audios_unificados\Exp_01\epoch_40_loss_0.5428\dorian_seed2222.flac
Exp_01,epoch_40_loss_0.5428,phrygian,1111,OK,hparam_sweep\exp_001_B_r32_a32_lr1e-04_do0.05\generated_audio\epoch_40_loss_0.5428_phrygian_seed1111.flac,audios_unificados\Exp_01\epoch_40_loss_0.5428\phrygian_seed1111.flac
Exp_01,epoch_40_loss_0.5428,phrygian,2222,OK,hparam_sweep\exp_001_B_r32_a32_lr1e-04_do0.05\generated_audio\epoch_40_loss_0.5428_phrygian_seed2222.flac,audios_unificados\Exp_01\epoch_40_loss_0.5428\phrygian_seed2222.flac
Exp_01,epoch_40_loss_0.5428,lydian,1111,OK,hparam_sweep\exp_001_B_r32_a32_lr1e-04_do0.05\generated_audio\epoch_40_loss_0.5428_lydian_seed1111.flac,audios_unificados\Exp_01\epoch_40_loss_0.5428\lydian_seed1111.flac
Exp_01,epoch_40_loss_0.5428,lydian,2222,OK,hparam_sweep\exp_001_B_r32_a32_lr1e-04_do0.05\generated_audio\epoch_40_loss_0.5428_lydian_seed2222.flac,audios_unificados\Exp_01\epoch_40_loss_0.5428\lydian_seed2222.flac
Exp_01,epoch_40_loss_0.5428,mixolydian,1111,OK,hparam_sweep\exp_001_B_r32_a32_lr1e-04_do0.05\generated_audio\epoch_40_loss_0.5428_mixolydian_seed1111.flac,audios_unificados\Exp_01\epoch_40_loss_0.5428\mixolydian_seed1111.flac
Exp_01,epoch_40_loss_0.5428,mixolydian,2222,OK,hparam_sweep\exp_001_B_r32_a32_lr1e-04_do0.05\generated_audio\epoch_40_loss_0.5428_mixolydian_seed2222.flac,audios_unificados\Exp_01\epoch_40_loss_0.5428\mixolydian_seed2222.flac
Exp_01,epoch_40_loss_0.5428,aeolian,1111,OK,hparam_sweep\exp_001_B_r32_a32_lr1e-04_do0.05\generated_audio\epoch_40_loss_0.5428_aeolian_seed1111.flac,audios_unificados\Exp_01\epoch_40_loss_0.5428\aeolian_seed1111.flac
Exp_01,epoch_40_loss_0.5428,aeolian,2222,OK,hparam_sweep\exp_001_B_r32_a32_lr1e-04_do0.05\generated_audio\epoch_40_loss_0.5428_aeolian_seed2222.flac,audios_unificados\Exp_01\epoch_40_loss_0.5428\aeolian_seed2222.flac
Exp_01,epoch_40_loss_0.5428,locrian,1111,OK,hparam_sweep\exp_001_B_r32_a32_lr1e-04_do0.05\generated_audio\epoch_40_loss_0.5428_locrian_seed1111.flac,audios_unificados\Exp_01\epoch_40_loss_0.5428\locrian_seed1111.flac
Exp_01,epoch_40_loss_0.5428,locrian,2222,OK,hparam_sweep\exp_001_B_r32_a32_lr1e-04_do0.05\generated_audio\epoch_40_loss_0.5428_locrian_seed2222.flac,audios_unificados\Exp_01\epoch_40_loss_0.5428\locrian_seed2222.flac
Exp_01,epoch_80_loss_0.5770,ionian,1111,OK,hparam_sweep\exp_001_B_r32_a32_lr1e-04_do0.05\generated_audio\epoch_80_loss_0.5770_ionian_seed1111.flac,audios_unificados\Exp_01\epoch_80_loss_0.5770\ionian_seed1111.flac
Exp_01,epoch_80_loss_0.5770,ionian,2222,OK,hparam_sweep\exp_001_B_r32_a32_lr1e-04_do0.05\generated_audio\epoch_80_loss_0.5770_ionian_seed2222.flac,audios_unificados\Exp_01\epoch_80_loss_0.5770\ionian_seed2222.flac
Exp_01,epoch_80_loss_0.5770,dorian,1111,OK,hparam_sweep\exp_001_B_r32_a32_lr1e-04_do0.05\generated_audio\epoch_80_loss_0.5770_dorian_seed1111.flac,audios_unificados\Exp_01\epoch_80_loss_0.5770\dorian_seed1111.flac
Exp_01,epoch_80_loss_0.5770,dorian,2222,OK,hparam_sweep\exp_001_B_r32_a32_lr1e-04_do0.05\generated_audio\epoch_80_loss_0.5770_dorian_seed2222.flac,audios_unificados\Exp_01\epoch_80_loss_0.5770\dorian_seed2222.flac
Exp_01,epoch_80_loss_0.5770,phrygian,1111,OK,hparam_sweep\exp_001_B_r32_a32_lr1e-04_do0.05\generated_audio\epoch_80_loss_0.5770_phrygian_seed1111.flac,audios_unificados\Exp_01\epoch_80_loss_0.5770\phrygian_seed1111.flac
Exp_01,epoch_80_loss_0.5770,phrygian,2222,OK,hparam_sweep\exp_001_B_r32_a32_lr1e-04_do0.05\generated_audio\epoch_80_loss_0.5770_phrygian_seed2222.flac,audios_unificados\Exp_01\epoch_80_loss_0.5770\phrygian_seed2222.flac
Exp_01,epoch_80_loss_0.5770,lydian,1111,OK,hparam_sweep\exp_001_B_r32_a32_lr1e-04_do0.05\generated_audio\epoch_80_loss_0.5770_lydian_seed1111.flac,audios_unificados\Exp_01\epoch_80_loss_0.5770\lydian_seed1111.flac
Exp_01,epoch_80_loss_0.5770,lydian,2222,OK,hparam_sweep\exp_001_B_r32_a32_lr1e-04_do0.05\generated_audio\epoch_80_loss_0.5770_lydian_seed2222.flac,audios_unificados\Exp_01\epoch_80_loss_0.5770\lydian_seed2222.flac
Exp_01,epoch_80_loss_0.5770,mixolydian,1111,OK,hparam_sweep\exp_001_B_r32_a32_lr1e-04_do0.05\generated_audio\epoch_80_loss_0.5770_mixolydian_seed1111.flac,audios_unificados\Exp_01\epoch_80_loss_0.5770\mixolydian_seed1111.flac
Exp_01,epoch_80_loss_0.5770,mixolydian,2222,OK,hparam_sweep\exp_001_B_r32_a32_lr1e-04_do0.05\generated_audio\epoch_80_loss_0.5770_mixolydian_seed2222.flac,audios_unificados\Exp_01\epoch_80_loss_0.5770\mixolydian_seed2222.flac
Exp_01,epoch_80_loss_0.5770,aeolian,1111,OK,hparam_sweep\exp_001_B_r32_a32_lr1e-04_do0.05\generated_audio\epoch_80_loss_0.5770_aeolian_seed1111.flac,audios_unificados\Exp_01\epoch_80_loss_0.5770\aeolian_seed1111.flac
Exp_01,epoch_80_loss_0.5770,aeolian,2222,OK,hparam_sweep\exp_001_B_r32_a32_lr1e-04_do0.05\generated_audio\epoch_80_loss_0.5770_aeolian_seed2222.flac,audios_unificados\Exp_01\epoch_80_loss_0.5770\aeolian_seed2222.flac
Exp_01,epoch_80_loss_0.5770,locrian,1111,OK,hparam_sweep\exp_001_B_r32_a32_lr1e-04_do0.05\generated_audio\epoch_80_loss_0.5770_locrian_seed1111.flac,audios_unificados\Exp_01\epoch_80_loss_0.5770\locrian_seed1111.flac
Exp_01,epoch_80_loss_0.5770,locrian,2222,OK,hparam_sweep\exp_001_B_r32_a32_lr1e-04_do0.05\generated_audio\epoch_80_loss_0.5770_locrian_seed2222.flac,audios_unificados\Exp_01\epoch_80_loss_0.5770\locrian_seed2222.flac
Exp_02,epoch_40_loss_0.5428,ionian,1111,OK,hparam_sweep\exp_002_B_r32_a32_lr1e-04_do0.1\generated_audio\epoch_40_loss_0.5428_ionian_seed1111.flac,audios_unificados\Exp_02\epoch_40_loss_0.5428\ionian_seed1111.flac
Exp_02,epoch_40_loss_0.5428,ionian,2222,OK,hparam_sweep\exp_002_B_r32_a32_lr1e-04_do0.1\generated_audio\epoch_40_loss_0.5428_ionian_seed2222.flac,audios_unificados\Exp_02\epoch_40_loss_0.5428\ionian_seed2222.flac
Exp_02,epoch_40_loss_0.5428,dorian,1111,OK,hparam_sweep\exp_002_B_r32_a32_lr1e-04_do0.1\generated_audio\epoch_40_loss_0.5428_dorian_seed1111.flac,audios_unificados\Exp_02\epoch_40_loss_0.5428\dorian_seed1111.flac
Exp_02,epoch_40_loss_0.5428,dorian,2222,OK,hparam_sweep\exp_002_B_r32_a32_lr1e-04_do0.1\generated_audio\epoch_40_loss_0.5428_dorian_seed2222.flac,audios_unificados\Exp_02\epoch_40_loss_0.5428\dorian_seed2222.flac
Exp_02,epoch_40_loss_0.5428,phrygian,1111,OK,hparam_sweep\exp_002_B_r32_a32_lr1e-04_do0.1\generated_audio\epoch_40_loss_0.5428_phrygian_seed1111.flac,audios_unificados\Exp_02\epoch_40_loss_0.5428\phrygian_seed1111.flac
Exp_02,epoch_40_loss_0.5428,phrygian,2222,OK,hparam_sweep\exp_002_B_r32_a32_lr1e-04_do0.1\generated_audio\epoch_40_loss_0.5428_phrygian_seed2222.flac,audios_unificados\Exp_02\epoch_40_loss_0.5428\phrygian_seed2222.flac
Exp_02,epoch_40_loss_0.5428,lydian,1111,OK,hparam_sweep\exp_002_B_r32_a32_lr1e-04_do0.1\generated_audio\epoch_40_loss_0.5428_lydian_seed1111.flac,audios_unificados\Exp_02\epoch_40_loss_0.5428\lydian_seed1111.flac
Exp_02,epoch_40_loss_0.5428,lydian,2222,OK,hparam_sweep\exp_002_B_r32_a32_lr1e-04_do0.1\generated_audio\epoch_40_loss_0.5428_lydian_seed2222.flac,audios_unificados\Exp_02\epoch_40_loss_0.5428\lydian_seed2222.flac
Exp_02,epoch_40_loss_0.5428,mixolydian,1111,OK,hparam_sweep\exp_002_B_r32_a32_lr1e-04_do0.1\generated_audio\epoch_40_loss_0.5428_mixolydian_seed1111.flac,audios_unificados\Exp_02\epoch_40_loss_0.5428\mixolydian_seed1111.flac
Exp_02,epoch_40_loss_0.5428,mixolydian,2222,OK,hparam_sweep\exp_002_B_r32_a32_lr1e-04_do0.1\generated_audio\epoch_40_loss_0.5428_mixolydian_seed2222.flac,audios_unificados\Exp_02\epoch_40_loss_0.5428\mixolydian_seed2222.flac
Exp_02,epoch_40_loss_0.5428,aeolian,1111,OK,hparam_sweep\exp_002_B_r32_a32_lr1e-04_do0.1\generated_audio\epoch_40_loss_0.5428_aeolian_seed1111.flac,audios_unificados\Exp_02\epoch_40_loss_0.5428\aeolian_seed1111.flac
Exp_02,epoch_40_loss_0.5428,aeolian,2222,OK,hparam_sweep\exp_002_B_r32_a32_lr1e-04_do0.1\generated_audio\epoch_40_loss_0.5428_aeolian_seed2222.flac,audios_unificados\Exp_02\epoch_40_loss_0.5428\aeolian_seed2222.flac
Exp_02,epoch_40_loss_0.5428,locrian,1111,OK,hparam_sweep\exp_002_B_r32_a32_lr1e-04_do0.1\generated_audio\epoch_40_loss_0.5428_locrian_seed1111.flac,audios_unificados\Exp_02\epoch_40_loss_0.5428\locrian_seed1111.flac
Exp_02,epoch_40_loss_0.5428,locrian,2222,OK,hparam_sweep\exp_002_B_r32_a32_lr1e-04_do0.1\generated_audio\epoch_40_loss_0.5428_locrian_seed2222.flac,audios_unificados\Exp_02\epoch_40_loss_0.5428\locrian_seed2222.flac
Exp_02,epoch_80_loss_0.5770,ionian,1111,OK,hparam_sweep\exp_002_B_r32_a32_lr1e-04_do0.1\generated_audio\epoch_80_loss_0.5770_ionian_seed1111.flac,audios_unificados\Exp_02\epoch_80_loss_0.5770\ionian_seed1111.flac
Exp_02,epoch_80_loss_0.5770,ionian,2222,OK,hparam_sweep\exp_002_B_r32_a32_lr1e-04_do0.1\generated_audio\epoch_80_loss_0.5770_ionian_seed2222.flac,audios_unificados\Exp_02\epoch_80_loss_0.5770\ionian_seed2222.flac
Exp_02,epoch_80_loss_0.5770,dorian,1111,OK,hparam_sweep\exp_002_B_r32_a32_lr1e-04_do0.1\generated_audio\epoch_80_loss_0.5770_dorian_seed1111.flac,audios_unificados\Exp_02\epoch_80_loss_0.5770\dorian_seed1111.flac
Exp_02,epoch_80_loss_0.5770,dorian,2222,OK,hparam_sweep\exp_002_B_r32_a32_lr1e-04_do0.1\generated_audio\epoch_80_loss_0.5770_dorian_seed2222.flac,audios_unificados\Exp_02\epoch_80_loss_0.5770\dorian_seed2222.flac
Exp_02,epoch_80_loss_0.5770,phrygian,1111,OK,hparam_sweep\exp_002_B_r32_a32_lr1e-04_do0.1\generated_audio\epoch_80_loss_0.5770_phrygian_seed1111.flac,audios_unificados\Exp_02\epoch_80_loss_0.5770\phrygian_seed1111.flac
Exp_02,epoch_80_loss_0.5770,phrygian,2222,OK,hparam_sweep\exp_002_B_r32_a32_lr1e-04_do0.1\generated_audio\epoch_80_loss_0.5770_phrygian_seed2222.flac,audios_unificados\Exp_02\epoch_80_loss_0.5770\phrygian_seed2222.flac
Exp_02,epoch_80_loss_0.5770,lydian,1111,OK,hparam_sweep\exp_002_B_r32_a32_lr1e-04_do0.1\generated_audio\epoch_80_loss_0.5770_lydian_seed1111.flac,audios_unificados\Exp_02\epoch_80_loss_0.5770\lydian_seed1111.flac
Exp_02,epoch_80_loss_0.5770,lydian,2222,OK,hparam_sweep\exp_002_B_r32_a32_lr1e-04_do0.1\generated_audio\epoch_80_loss_0.5770_lydian_seed2222.flac,audios_unificados\Exp_02\epoch_80_loss_0.5770\lydian_seed2222.flac
Exp_02,epoch_80_loss_0.5770,mixolydian,1111,OK,hparam_sweep\exp_002_B_r32_a32_lr1e-04_do0.1\generated_audio\epoch_80_loss_0.5770_mixolydian_seed1111.flac,audios_unificados\Exp_02\epoch_80_loss_0.5770\mixolydian_seed1111.flac
Exp_02,epoch_80_loss_0.5770,mixolydian,2222,OK,hparam_sweep\exp_002_B_r32_a32_lr1e-04_do0.1\generated_audio\epoch_80_loss_0.5770_mixolydian_seed2222.flac,audios_unificados\Exp_02\epoch_80_loss_0.5770\mixolydian_seed2222.flac
Exp_02,epoch_80_loss_0.5770,aeolian,1111,OK,hparam_sweep\exp_002_B_r32_a32_lr1e-04_do0.1\generated_audio\epoch_80_loss_0.5770_aeolian_seed1111.flac,audios_unificados\Exp_02\epoch_80_loss_0.5770\aeolian_seed1111.flac
Exp_02,epoch_80_loss_0.5770,aeolian,2222,OK,hparam_sweep\exp_002_B_r32_a32_lr1e-04_do0.1\generated_audio\epoch_80_loss_0.5770_aeolian_seed2222.flac,audios_unificados\Exp_02\epoch_80_loss_0.5770\aeolian_seed2222.flac
Exp_02,epoch_80_loss_0.5770,locrian,1111,OK,hparam_sweep\exp_002_B_r32_a32_lr1e-04_do0.1\generated_audio\epoch_80_loss_0.5770_locrian_seed1111.flac,audios_unificados\Exp_02\epoch_80_loss_0.5770\locrian_seed1111.flac
Exp_02,epoch_80_loss_0.5770,locrian,2222,OK,hparam_sweep\exp_002_B_r32_a32_lr1e-04_do0.1\generated_audio\epoch_80_loss_0.5770_locrian_seed2222.flac,audios_unificados\Exp_02\epoch_80_loss_0.5770\locrian_seed2222.flac
Exp_09,epoch_60_loss_0.5960,ionian,1111,OK,manual_eval_shortlist\03_exp_009_B_r64_a32_lr1e-04_do0.05\epoch_60_loss_0.5960_ionian_seed1111.flac,audios_unificados\Exp_09\epoch_60_loss_0.5960\ionian_seed1111.flac
Exp_09,epoch_60_loss_0.5960,ionian,2222,OK,manual_eval_shortlist\03_exp_009_B_r64_a32_lr1e-04_do0.05\epoch_60_loss_0.5960_ionian_seed2222.flac,audios_unificados\Exp_09\epoch_60_loss_0.5960\ionian_seed2222.flac
Exp_09,epoch_60_loss_0.5960,dorian,1111,OK,manual_eval_shortlist\03_exp_009_B_r64_a32_lr1e-04_do0.05\epoch_60_loss_0.5960_dorian_seed1111.flac,audios_unificados\Exp_09\epoch_60_loss_0.5960\dorian_seed1111.flac
Exp_09,epoch_60_loss_0.5960,dorian,2222,OK,manual_eval_shortlist\03_exp_009_B_r64_a32_lr1e-04_do0.05\epoch_60_loss_0.5960_dorian_seed2222.flac,audios_unificados\Exp_09\epoch_60_loss_0.5960\dorian_seed2222.flac
Exp_09,epoch_60_loss_0.5960,phrygian,1111,OK,manual_eval_shortlist\03_exp_009_B_r64_a32_lr1e-04_do0.05\epoch_60_loss_0.5960_phrygian_seed1111.flac,audios_unificados\Exp_09\epoch_60_loss_0.5960\phrygian_seed1111.flac
Exp_09,epoch_60_loss_0.5960,phrygian,2222,OK,manual_eval_shortlist\03_exp_009_B_r64_a32_lr1e-04_do0.05\epoch_60_loss_0.5960_phrygian_seed2222.flac,audios_unificados\Exp_09\epoch_60_loss_0.5960\phrygian_seed2222.flac
Exp_09,epoch_60_loss_0.5960,lydian,1111,OK,manual_eval_shortlist\03_exp_009_B_r64_a32_lr1e-04_do0.05\epoch_60_loss_0.5960_lydian_seed1111.flac,audios_unificados\Exp_09\epoch_60_loss_0.5960\lydian_seed1111.flac
Exp_09,epoch_60_loss_0.5960,lydian,2222,OK,manual_eval_shortlist\03_exp_009_B_r64_a32_lr1e-04_do0.05\epoch_60_loss_0.5960_lydian_seed2222.flac,audios_unificados\Exp_09\epoch_60_loss_0.5960\lydian_seed2222.flac
Exp_09,epoch_60_loss_0.5960,mixolydian,1111,OK,manual_eval_shortlist\03_exp_009_B_r64_a32_lr1e-04_do0.05\epoch_60_loss_0.5960_mixolydian_seed1111.flac,audios_unificados\Exp_09\epoch_60_loss_0.5960\mixolydian_seed1111.flac
Exp_09,epoch_60_loss_0.5960,mixolydian,2222,OK,manual_eval_shortlist\03_exp_009_B_r64_a32_lr1e-04_do0.05\epoch_60_loss_0.5960_mixolydian_seed2222.flac,audios_unificados\Exp_09\epoch_60_loss_0.5960\mixolydian_seed2222.flac
Exp_09,epoch_60_loss_0.5960,aeolian,1111,OK,manual_eval_shortlist\03_exp_009_B_r64_a32_lr1e-04_do0.05\epoch_60_loss_0.5960_aeolian_seed1111.flac,audios_unificados\Exp_09\epoch_60_loss_0.5960\aeolian_seed1111.flac
Exp_09,epoch_60_loss_0.5960,aeolian,2222,OK,manual_eval_shortlist\03_exp_009_B_r64_a32_lr1e-04_do0.05\epoch_60_loss_0.5960_aeolian_seed2222.flac,audios_unificados\Exp_09\epoch_60_loss_0.5960\aeolian_seed2222.flac
Exp_09,epoch_60_loss_0.5960,locrian,1111,OK,manual_eval_shortlist\03_exp_009_B_r64_a32_lr1e-04_do0.05\epoch_60_loss_0.5960_locrian_seed1111.flac,audios_unificados\Exp_09\epoch_60_loss_0.5960\locrian_seed1111.flac
Exp_09,epoch_60_loss_0.5960,locrian,2222,OK,manual_eval_shortlist\03_exp_009_B_r64_a32_lr1e-04_do0.05\epoch_60_loss_0.5960_locrian_seed2222.flac,audios_unificados\Exp_09\epoch_60_loss_0.5960\locrian_seed2222.flac
Exp_09,epoch_80_loss_0.5371,ionian,1111,OK,manual_eval_shortlist\03_exp_009_B_r64_a32_lr1e-04_do0.05\epoch_80_loss_0.5371_ionian_seed1111.flac,audios_unificados\Exp_09\epoch_80_loss_0.5371\ionian_seed1111.flac
Exp_09,epoch_80_loss_0.5371,ionian,2222,OK,manual_eval_shortlist\03_exp_009_B_r64_a32_lr1e-04_do0.05\epoch_80_loss_0.5371_ionian_seed2222.flac,audios_unificados\Exp_09\epoch_80_loss_0.5371\ionian_seed2222.flac
Exp_09,epoch_80_loss_0.5371,dorian,1111,OK,manual_eval_shortlist\03_exp_009_B_r64_a32_lr1e-04_do0.05\epoch_80_loss_0.5371_dorian_seed1111.flac,audios_unificados\Exp_09\epoch_80_loss_0.5371\dorian_seed1111.flac
Exp_09,epoch_80_loss_0.5371,dorian,2222,OK,manual_eval_shortlist\03_exp_009_B_r64_a32_lr1e-04_do0.05\epoch_80_loss_0.5371_dorian_seed2222.flac,audios_unificados\Exp_09\epoch_80_loss_0.5371\dorian_seed2222.flac
Exp_09,epoch_80_loss_0.5371,phrygian,1111,OK,manual_eval_shortlist\03_exp_009_B_r64_a32_lr1e-04_do0.05\epoch_80_loss_0.5371_phrygian_seed1111.flac,audios_unificados\Exp_09\epoch_80_loss_0.5371\phrygian_seed1111.flac
Exp_09,epoch_80_loss_0.5371,phrygian,2222,OK,manual_eval_shortlist\03_exp_009_B_r64_a32_lr1e-04_do0.05\epoch_80_loss_0.5371_phrygian_seed2222.flac,audios_unificados\Exp_09\epoch_80_loss_0.5371\phrygian_seed2222.flac
Exp_09,epoch_80_loss_0.5371,lydian,1111,OK,manual_eval_shortlist\03_exp_009_B_r64_a32_lr1e-04_do0.05\epoch_80_loss_0.5371_lydian_seed1111.flac,audios_unificados\Exp_09\epoch_80_loss_0.5371\lydian_seed1111.flac
Exp_09,epoch_80_loss_0.5371,lydian,2222,OK,manual_eval_shortlist\03_exp_009_B_r64_a32_lr1e-04_do0.05\epoch_80_loss_0.5371_lydian_seed2222.flac,audios_unificados\Exp_09\epoch_80_loss_0.5371\lydian_seed2222.flac
Exp_09,epoch_80_loss_0.5371,mixolydian,1111,OK,manual_eval_shortlist\03_exp_009_B_r64_a32_lr1e-04_do0.05\epoch_80_loss_0.5371_mixolydian_seed1111.flac,audios_unificados\Exp_09\epoch_80_loss_0.5371\mixolydian_seed1111.flac
Exp_09,epoch_80_loss_0.5371,mixolydian,2222,OK,manual_eval_shortlist\03_exp_009_B_r64_a32_lr1e-04_do0.05\epoch_80_loss_0.5371_mixolydian_seed2222.flac,audios_unificados\Exp_09\epoch_80_loss_0.5371\mixolydian_seed2222.flac
Exp_09,epoch_80_loss_0.5371,aeolian,1111,OK,manual_eval_shortlist\03_exp_009_B_r64_a32_lr1e-04_do0.05\epoch_80_loss_0.5371_aeolian_seed1111.flac,audios_unificados\Exp_09\epoch_80_loss_0.5371\aeolian_seed1111.flac
Exp_09,epoch_80_loss_0.5371,aeolian,2222,OK,manual_eval_shortlist\03_exp_009_B_r64_a32_lr1e-04_do0.05\epoch_80_loss_0.5371_aeolian_seed2222.flac,audios_unificados\Exp_09\epoch_80_loss_0.5371\aeolian_seed2222.flac
Exp_09,epoch_80_loss_0.5371,locrian,1111,OK,manual_eval_shortlist\03_exp_009_B_r64_a32_lr1e-04_do0.05\epoch_80_loss_0.5371_locrian_seed1111.flac,audios_unificados\Exp_09\epoch_80_loss_0.5371\locrian_seed1111.flac
Exp_09,epoch_80_loss_0.5371,locrian,2222,OK,manual_eval_shortlist\03_exp_009_B_r64_a32_lr1e-04_do0.05\epoch_80_loss_0.5371_locrian_seed2222.flac,audios_unificados\Exp_09\epoch_80_loss_0.5371\locrian_seed2222.flac
Exp_10,epoch_60_loss_0.5961,ionian,1111,OK,manual_eval_shortlist\04_exp_010_B_r64_a32_lr1e-04_do0.1\epoch_60_loss_0.5961_ionian_seed1111.flac,audios_unificados\Exp_10\epoch_60_loss_0.5961\ionian_seed1111.flac
Exp_10,epoch_60_loss_0.5961,ionian,2222,OK,manual_eval_shortlist\04_exp_010_B_r64_a32_lr1e-04_do0.1\epoch_60_loss_0.5961_ionian_seed2222.flac,audios_unificados\Exp_10\epoch_60_loss_0.5961\ionian_seed2222.flac
Exp_10,epoch_60_loss_0.5961,dorian,1111,OK,manual_eval_shortlist\04_exp_010_B_r64_a32_lr1e-04_do0.1\epoch_60_loss_0.5961_dorian_seed1111.flac,audios_unificados\Exp_10\epoch_60_loss_0.5961\dorian_seed1111.flac
Exp_10,epoch_60_loss_0.5961,dorian,2222,OK,manual_eval_shortlist\04_exp_010_B_r64_a32_lr1e-04_do0.1\epoch_60_loss_0.5961_dorian_seed2222.flac,audios_unificados\Exp_10\epoch_60_loss_0.5961\dorian_seed2222.flac
Exp_10,epoch_60_loss_0.5961,phrygian,1111,OK,manual_eval_shortlist\04_exp_010_B_r64_a32_lr1e-04_do0.1\epoch_60_loss_0.5961_phrygian_seed1111.flac,audios_unificados\Exp_10\epoch_60_loss_0.5961\phrygian_seed1111.flac
Exp_10,epoch_60_loss_0.5961,phrygian,2222,OK,manual_eval_shortlist\04_exp_010_B_r64_a32_lr1e-04_do0.1\epoch_60_loss_0.5961_phrygian_seed2222.flac,audios_unificados\Exp_10\epoch_60_loss_0.5961\phrygian_seed2222.flac
Exp_10,epoch_60_loss_0.5961,lydian,1111,OK,manual_eval_shortlist\04_exp_010_B_r64_a32_lr1e-04_do0.1\epoch_60_loss_0.5961_lydian_seed1111.flac,audios_unificados\Exp_10\epoch_60_loss_0.5961\lydian_seed1111.flac
Exp_10,epoch_60_loss_0.5961,lydian,2222,OK,manual_eval_shortlist\04_exp_010_B_r64_a32_lr1e-04_do0.1\epoch_60_loss_0.5961_lydian_seed2222.flac,audios_unificados\Exp_10\epoch_60_loss_0.5961\lydian_seed2222.flac
Exp_10,epoch_60_loss_0.5961,mixolydian,1111,OK,manual_eval_shortlist\04_exp_010_B_r64_a32_lr1e-04_do0.1\epoch_60_loss_0.5961_mixolydian_seed1111.flac,audios_unificados\Exp_10\epoch_60_loss_0.5961\mixolydian_seed1111.flac
Exp_10,epoch_60_loss_0.5961,mixolydian,2222,OK,manual_eval_shortlist\04_exp_010_B_r64_a32_lr1e-04_do0.1\epoch_60_loss_0.5961_mixolydian_seed2222.flac,audios_unificados\Exp_10\epoch_60_loss_0.5961\mixolydian_seed2222.flac
Exp_10,epoch_60_loss_0.5961,aeolian,1111,OK,manual_eval_shortlist\04_exp_010_B_r64_a32_lr1e-04_do0.1\epoch_60_loss_0.5961_aeolian_seed1111.flac,audios_unificados\Exp_10\epoch_60_loss_0.5961\aeolian_seed1111.flac
Exp_10,epoch_60_loss_0.5961,aeolian,2222,OK,manual_eval_shortlist\04_exp_010_B_r64_a32_lr1e-04_do0.1\epoch_60_loss_0.5961_aeolian_seed2222.flac,audios_unificados\Exp_10\epoch_60_loss_0.5961\aeolian_seed2222.flac
Exp_10,epoch_60_loss_0.5961,locrian,1111,OK,manual_eval_shortlist\04_exp_010_B_r64_a32_lr1e-04_do0.1\epoch_60_loss_0.5961_locrian_seed1111.flac,audios_unificados\Exp_10\epoch_60_loss_0.5961\locrian_seed1111.flac
Exp_10,epoch_60_loss_0.5961,locrian,2222,OK,manual_eval_shortlist\04_exp_010_B_r64_a32_lr1e-04_do0.1\epoch_60_loss_0.5961_locrian_seed2222.flac,audios_unificados\Exp_10\epoch_60_loss_0.5961\locrian_seed2222.flac
Exp_10,epoch_80_loss_0.5371,ionian,1111,OK,manual_eval_shortlist\04_exp_010_B_r64_a32_lr1e-04_do0.1\epoch_80_loss_0.5371_ionian_seed1111.flac,audios_unificados\Exp_10\epoch_80_loss_0.5371\ionian_seed1111.flac
Exp_10,epoch_80_loss_0.5371,ionian,2222,OK,manual_eval_shortlist\04_exp_010_B_r64_a32_lr1e-04_do0.1\epoch_80_loss_0.5371_ionian_seed2222.flac,audios_unificados\Exp_10\epoch_80_loss_0.5371\ionian_seed2222.flac
Exp_10,epoch_80_loss_0.5371,dorian,1111,OK,manual_eval_shortlist\04_exp_010_B_r64_a32_lr1e-04_do0.1\epoch_80_loss_0.5371_dorian_seed1111.flac,audios_unificados\Exp_10\epoch_80_loss_0.5371\dorian_seed1111.flac
Exp_10,epoch_80_loss_0.5371,dorian,2222,OK,manual_eval_shortlist\04_exp_010_B_r64_a32_lr1e-04_do0.1\epoch_80_loss_0.5371_dorian_seed2222.flac,audios_unificados\Exp_10\epoch_80_loss_0.5371\dorian_seed2222.flac
Exp_10,epoch_80_loss_0.5371,phrygian,1111,OK,manual_eval_shortlist\04_exp_010_B_r64_a32_lr1e-04_do0.1\epoch_80_loss_0.5371_phrygian_seed1111.flac,audios_unificados\Exp_10\epoch_80_loss_0.5371\phrygian_seed1111.flac
Exp_10,epoch_80_loss_0.5371,phrygian,2222,OK,manual_eval_shortlist\04_exp_010_B_r64_a32_lr1e-04_do0.1\epoch_80_loss_0.5371_phrygian_seed2222.flac,audios_unificados\Exp_10\epoch_80_loss_0.5371\phrygian_seed2222.flac
Exp_10,epoch_80_loss_0.5371,lydian,1111,OK,manual_eval_shortlist\04_exp_010_B_r64_a32_lr1e-04_do0.1\epoch_80_loss_0.5371_lydian_seed1111.flac,audios_unificados\Exp_10\epoch_80_loss_0.5371\lydian_seed1111.flac
Exp_10,epoch_80_loss_0.5371,lydian,2222,OK,manual_eval_shortlist\04_exp_010_B_r64_a32_lr1e-04_do0.1\epoch_80_loss_0.5371_lydian_seed2222.flac,audios_unificados\Exp_10\epoch_80_loss_0.5371\lydian_seed2222.flac
Exp_10,epoch_80_loss_0.5371,mixolydian,1111,OK,manual_eval_shortlist\04_exp_010_B_r64_a32_lr1e-04_do0.1\epoch_80_loss_0.5371_mixolydian_seed1111.flac,audios_unificados\Exp_10\epoch_80_loss_0.5371\mixolydian_seed1111.flac
Exp_10,epoch_80_loss_0.5371,mixolydian,2222,OK,manual_eval_shortlist\04_exp_010_B_r64_a32_lr1e-04_do0.1\epoch_80_loss_0.5371_mixolydian_seed2222.flac,audios_unificados\Exp_10\epoch_80_loss_0.5371\mixolydian_seed2222.flac
Exp_10,epoch_80_loss_0.5371,aeolian,1111,OK,manual_eval_shortlist\04_exp_010_B_r64_a32_lr1e-04_do0.1\epoch_80_loss_0.5371_aeolian_seed1111.flac,audios_unificados\Exp_10\epoch_80_loss_0.5371\aeolian_seed1111.flac
Exp_10,epoch_80_loss_0.5371,aeolian,2222,OK,manual_eval_shortlist\04_exp_010_B_r64_a32_lr1e-04_do0.1\epoch_80_loss_0.5371_aeolian_seed2222.flac,audios_unificados\Exp_10\epoch_80_loss_0.5371\aeolian_seed2222.flac
Exp_10,epoch_80_loss_0.5371,locrian,1111,OK,manual_eval_shortlist\04_exp_010_B_r64_a32_lr1e-04_do0.1\epoch_80_loss_0.5371_locrian_seed1111.flac,audios_unificados\Exp_10\epoch_80_loss_0.5371\locrian_seed1111.flac
Exp_10,epoch_80_loss_0.5371,locrian,2222,OK,manual_eval_shortlist\04_exp_010_B_r64_a32_lr1e-04_do0.1\epoch_80_loss_0.5371_locrian_seed2222.flac,audios_unificados\Exp_10\epoch_80_loss_0.5371\locrian_seed2222.flac
Exp_18,epoch_40_loss_0.5727,ionian,1111,OK,manual_eval_shortlist\04_exp_018_B_r128_a32_lr1e-04_do0.1\epoch_40_loss_0.5727_ionian_seed1111.flac,audios_unificados\Exp_18\epoch_40_loss_0.5727\ionian_seed1111.flac
Exp_18,epoch_40_loss_0.5727,ionian,2222,OK,manual_eval_shortlist\04_exp_018_B_r128_a32_lr1e-04_do0.1\epoch_40_loss_0.5727_ionian_seed2222.flac,audios_unificados\Exp_18\epoch_40_loss_0.5727\ionian_seed2222.flac
Exp_18,epoch_120_loss_0.6101,ionian,1111,OK,manual_eval_shortlist\04_exp_018_B_r128_a32_lr1e-04_do0.1\epoch_120_loss_0.6101_ionian_seed1111.flac,audios_unificados\Exp_18\epoch_120_loss_0.6101\ionian_seed1111.flac
Exp_18,epoch_120_loss_0.6101,ionian,2222,OK,manual_eval_shortlist\04_exp_018_B_r128_a32_lr1e-04_do0.1\epoch_120_loss_0.6101_ionian_seed2222.flac,audios_unificados\Exp_18\epoch_120_loss_0.6101\ionian_seed2222.flac
Exp_18,epoch_120_loss_0.6101,dorian,1111,OK,manual_eval_shortlist\04_exp_018_B_r128_a32_lr1e-04_do0.1\epoch_120_loss_0.6101_dorian_seed1111.flac,audios_unificados\Exp_18\epoch_120_loss_0.6101\dorian_seed1111.flac
Exp_18,epoch_120_loss_0.6101,dorian,2222,OK,manual_eval_shortlist\04_exp_018_B_r128_a32_lr1e-04_do0.1\epoch_120_loss_0.6101_dorian_seed2222.flac,audios_unificados\Exp_18\epoch_120_loss_0.6101\dorian_seed2222.flac
Exp_18,epoch_120_loss_0.6101,phrygian,1111,OK,manual_eval_shortlist\04_exp_018_B_r128_a32_lr1e-04_do0.1\epoch_120_loss_0.6101_phrygian_seed1111.flac,audios_unificados\Exp_18\epoch_120_loss_0.6101\phrygian_seed1111.flac
Exp_18,epoch_120_loss_0.6101,phrygian,2222,OK,manual_eval_shortlist\04_exp_018_B_r128_a32_lr1e-04_do0.1\epoch_120_loss_0.6101_phrygian_seed2222.flac,audios_unificados\Exp_18\epoch_120_loss_0.6101\phrygian_seed2222.flac
Exp_18,epoch_120_loss_0.6101,lydian,1111,OK,manual_eval_shortlist\04_exp_018_B_r128_a32_lr1e-04_do0.1\epoch_120_loss_0.6101_lydian_seed1111.flac,audios_unificados\Exp_18\epoch_120_loss_0.6101\lydian_seed1111.flac
Exp_18,epoch_120_loss_0.6101,lydian,2222,OK,manual_eval_shortlist\04_exp_018_B_r128_a32_lr1e-04_do0.1\epoch_120_loss_0.6101_lydian_seed2222.flac,audios_unificados\Exp_18\epoch_120_loss_0.6101\lydian_seed2222.flac
Exp_18,epoch_120_loss_0.6101,mixolydian,1111,OK,manual_eval_shortlist\04_exp_018_B_r128_a32_lr1e-04_do0.1\epoch_120_loss_0.6101_mixolydian_seed1111.flac,audios_unificados\Exp_18\epoch_120_loss_0.6101\mixolydian_seed1111.flac
Exp_18,epoch_120_loss_0.6101,mixolydian,2222,OK,manual_eval_shortlist\04_exp_018_B_r128_a32_lr1e-04_do0.1\epoch_120_loss_0.6101_mixolydian_seed2222.flac,audios_unificados\Exp_18\epoch_120_loss_0.6101\mixolydian_seed2222.flac
Exp_18,epoch_120_loss_0.6101,aeolian,1111,OK,manual_eval_shortlist\04_exp_018_B_r128_a32_lr1e-04_do0.1\epoch_120_loss_0.6101_aeolian_seed1111.flac,audios_unificados\Exp_18\epoch_120_loss_0.6101\aeolian_seed1111.flac
Exp_18,epoch_120_loss_0.6101,aeolian,2222,OK,manual_eval_shortlist\04_exp_018_B_r128_a32_lr1e-04_do0.1\epoch_120_loss_0.6101_aeolian_seed2222.flac,audios_unificados\Exp_18\epoch_120_loss_0.6101\aeolian_seed2222.flac
Exp_18,epoch_120_loss_0.6101,locrian,1111,OK,manual_eval_shortlist\04_exp_018_B_r128_a32_lr1e-04_do0.1\epoch_120_loss_0.6101_locrian_seed1111.flac,audios_unificados\Exp_18\epoch_120_loss_0.6101\locrian_seed1111.flac
Exp_18,epoch_120_loss_0.6101,locrian,2222,OK,manual_eval_shortlist\04_exp_018_B_r128_a32_lr1e-04_do0.1\epoch_120_loss_0.6101_locrian_seed2222.flac,audios_unificados\Exp_18\epoch_120_loss_0.6101\locrian_seed2222.flac
confirm_r32_a32_lr1e-4,epoch_140_loss_0_1952,ionian,1111,OK,lora_output\confirm_r32_a32_lr1e-4\generated_audio\epoch_140_loss_0_1952_ionian_seed1111.flac,audios_unificados\confirm_r32_a32_lr1e-4\epoch_140_loss_0_1952\ionian_seed1111.flac
confirm_r32_a32_lr1e-4,epoch_140_loss_0_1952,ionian,2222,OK,lora_output\confirm_r32_a32_lr1e-4\generated_audio\epoch_140_loss_0_1952_ionian_seed2222.flac,audios_unificados\confirm_r32_a32_lr1e-4\epoch_140_loss_0_1952\ionian_seed2222.flac
confirm_r32_a32_lr1e-4,epoch_140_loss_0_1952,dorian,1111,OK,lora_output\confirm_r32_a32_lr1e-4\generated_audio\epoch_140_loss_0_1952_dorian_seed1111.flac,audios_unificados\confirm_r32_a32_lr1e-4\epoch_140_loss_0_1952\dorian_seed1111.flac
confirm_r32_a32_lr1e-4,epoch_140_loss_0_1952,dorian,2222,OK,lora_output\confirm_r32_a32_lr1e-4\generated_audio\epoch_140_loss_0_1952_dorian_seed2222.flac,audios_unificados\confirm_r32_a32_lr1e-4\epoch_140_loss_0_1952\dorian_seed2222.flac
confirm_r32_a32_lr1e-4,epoch_140_loss_0_1952,phrygian,1111,OK,lora_output\confirm_r32_a32_lr1e-4\generated_audio\epoch_140_loss_0_1952_phrygian_seed1111.flac,audios_unificados\confirm_r32_a32_lr1e-4\epoch_140_loss_0_1952\phrygian_seed1111.flac
confirm_r32_a32_lr1e-4,epoch_140_loss_0_1952,phrygian,2222,OK,lora_output\confirm_r32_a32_lr1e-4\generated_audio\epoch_140_loss_0_1952_phrygian_seed2222.flac,audios_unificados\confirm_r32_a32_lr1e-4\epoch_140_loss_0_1952\phrygian_seed2222.flac
confirm_r32_a32_lr1e-4,epoch_140_loss_0_1952,lydian,1111,OK,lora_output\confirm_r32_a32_lr1e-4\generated_audio\epoch_140_loss_0_1952_lydian_seed1111.flac,audios_unificados\confirm_r32_a32_lr1e-4\epoch_140_loss_0_1952\lydian_seed1111.flac
confirm_r32_a32_lr1e-4,epoch_140_loss_0_1952,lydian,2222,OK,lora_output\confirm_r32_a32_lr1e-4\generated_audio\epoch_140_loss_0_1952_lydian_seed2222.flac,audios_unificados\confirm_r32_a32_lr1e-4\epoch_140_loss_0_1952\lydian_seed2222.flac
confirm_r32_a32_lr1e-4,epoch_140_loss_0_1952,mixolydian,1111,OK,lora_output\confirm_r32_a32_lr1e-4\generated_audio\epoch_140_loss_0_1952_mixolydian_seed1111.flac,audios_unificados\confirm_r32_a32_lr1e-4\epoch_140_loss_0_1952\mixolydian_seed1111.flac
confirm_r32_a32_lr1e-4,epoch_140_loss_0_1952,mixolydian,2222,OK,lora_output\confirm_r32_a32_lr1e-4\generated_audio\epoch_140_loss_0_1952_mixolydian_seed2222.flac,audios_unificados\confirm_r32_a32_lr1e-4\epoch_140_loss_0_1952\mixolydian_seed2222.flac
confirm_r32_a32_lr1e-4,epoch_140_loss_0_1952,aeolian,1111,OK,lora_output\confirm_r32_a32_lr1e-4\generated_audio\epoch_140_loss_0_1952_aeolian_seed1111.flac,audios_unificados\confirm_r32_a32_lr1e-4\epoch_140_loss_0_1952\aeolian_seed1111.flac
confirm_r32_a32_lr1e-4,epoch_140_loss_0_1952,aeolian,2222,OK,lora_output\confirm_r32_a32_lr1e-4\generated_audio\epoch_140_loss_0_1952_aeolian_seed2222.flac,audios_unificados\confirm_r32_a32_lr1e-4\epoch_140_loss_0_1952\aeolian_seed2222.flac
confirm_r32_a32_lr1e-4,epoch_140_loss_0_1952,locrian,1111,OK,lora_output\confirm_r32_a32_lr1e-4\generated_audio\epoch_140_loss_0_1952_locrian_seed1111.flac,audios_unificados\confirm_r32_a32_lr1e-4\epoch_140_loss_0_1952\locrian_seed1111.flac
confirm_r32_a32_lr1e-4,epoch_140_loss_0_1952,locrian,2222,OK,lora_output\confirm_r32_a32_lr1e-4\generated_audio\epoch_140_loss_0_1952_locrian_seed2222.flac,audios_unificados\confirm_r32_a32_lr1e-4\epoch_140_loss_0_1952\locrian_seed2222.flac
confirm_r32_a32_lr1e-4,epoch_160_loss_0_1968,ionian,1111,OK,lora_output\confirm_r32_a32_lr1e-4\generated_audio\epoch_160_loss_0_1968_ionian_seed1111.flac,audios_unificados\confirm_r32_a32_lr1e-4\epoch_160_loss_0_1968\ionian_seed1111.flac
confirm_r32_a32_lr1e-4,epoch_160_loss_0_1968,ionian,2222,OK,lora_output\confirm_r32_a32_lr1e-4\generated_audio\epoch_160_loss_0_1968_ionian_seed2222.flac,audios_unificados\confirm_r32_a32_lr1e-4\epoch_160_loss_0_1968\ionian_seed2222.flac
confirm_r32_a32_lr1e-4,epoch_160_loss_0_1968,dorian,1111,OK,lora_output\confirm_r32_a32_lr1e-4\generated_audio\epoch_160_loss_0_1968_dorian_seed1111.flac,audios_unificados\confirm_r32_a32_lr1e-4\epoch_160_loss_0_1968\dorian_seed1111.flac
confirm_r32_a32_lr1e-4,epoch_160_loss_0_1968,dorian,2222,OK,lora_output\confirm_r32_a32_lr1e-4\generated_audio\epoch_160_loss_0_1968_dorian_seed2222.flac,audios_unificados\confirm_r32_a32_lr1e-4\epoch_160_loss_0_1968\dorian_seed2222.flac
confirm_r32_a32_lr1e-4,epoch_160_loss_0_1968,phrygian,1111,OK,lora_output\confirm_r32_a32_lr1e-4\generated_audio\epoch_160_loss_0_1968_phrygian_seed1111.flac,audios_unificados\confirm_r32_a32_lr1e-4\epoch_160_loss_0_1968\phrygian_seed1111.flac
confirm_r32_a32_lr1e-4,epoch_160_loss_0_1968,phrygian,2222,OK,lora_output\confirm_r32_a32_lr1e-4\generated_audio\epoch_160_loss_0_1968_phrygian_seed2222.flac,audios_unificados\confirm_r32_a32_lr1e-4\epoch_160_loss_0_1968\phrygian_seed2222.flac
confirm_r32_a32_lr1e-4,epoch_160_loss_0_1968,lydian,1111,OK,lora_output\confirm_r32_a32_lr1e-4\generated_audio\epoch_160_loss_0_1968_lydian_seed1111.flac,audios_unificados\confirm_r32_a32_lr1e-4\epoch_160_loss_0_1968\lydian_seed1111.flac
confirm_r32_a32_lr1e-4,epoch_160_loss_0_1968,lydian,2222,OK,lora_output\confirm_r32_a32_lr1e-4\generated_audio\epoch_160_loss_0_1968_lydian_seed2222.flac,audios_unificados\confirm_r32_a32_lr1e-4\epoch_160_loss_0_1968\lydian_seed2222.flac
confirm_r32_a32_lr1e-4,epoch_160_loss_0_1968,mixolydian,1111,OK,lora_output\confirm_r32_a32_lr1e-4\generated_audio\epoch_160_loss_0_1968_mixolydian_seed1111.flac,audios_unificados\confirm_r32_a32_lr1e-4\epoch_160_loss_0_1968\mixolydian_seed1111.flac
confirm_r32_a32_lr1e-4,epoch_160_loss_0_1968,mixolydian,2222,OK,lora_output\confirm_r32_a32_lr1e-4\generated_audio\epoch_160_loss_0_1968_mixolydian_seed2222.flac,audios_unificados\confirm_r32_a32_lr1e-4\epoch_160_loss_0_1968\mixolydian_seed2222.flac
confirm_r32_a32_lr1e-4,epoch_160_loss_0_1968,aeolian,1111,OK,lora_output\confirm_r32_a32_lr1e-4\generated_audio\epoch_160_loss_0_1968_aeolian_seed1111.flac,audios_unificados\confirm_r32_a32_lr1e-4\epoch_160_loss_0_1968\aeolian_seed1111.flac
confirm_r32_a32_lr1e-4,epoch_160_loss_0_1968,aeolian,2222,OK,lora_output\confirm_r32_a32_lr1e-4\generated_audio\epoch_160_loss_0_1968_aeolian_seed2222.flac,audios_unificados\confirm_r32_a32_lr1e-4\epoch_160_loss_0_1968\aeolian_seed2222.flac
confirm_r32_a32_lr1e-4,epoch_160_loss_0_1968,locrian,1111,OK,lora_output\confirm_r32_a32_lr1e-4\generated_audio\epoch_160_loss_0_1968_locrian_seed1111.flac,audios_unificados\confirm_r32_a32_lr1e-4\epoch_160_loss_0_1968\locrian_seed1111.flac
confirm_r32_a32_lr1e-4,epoch_160_loss_0_1968,locrian,2222,OK,lora_output\confirm_r32_a32_lr1e-4\generated_audio\epoch_160_loss_0_1968_locrian_seed2222.flac,audios_unificados\confirm_r32_a32_lr1e-4\epoch_160_loss_0_1968\locrian_seed2222.flac
